,mc,mn,mc_onset,mn_onset,timesig,staff,voice,duration,gracenote,nominal_duration,scalar,tied,tpc,midi,volta,chord_id
0,1,1,0,0,3/8,5,1,1/8,,1/8,1,,-2,58,,6
1,1,1,1/8,1/8,3/8,3,1,1/8,,1/8,1,,-2,70,,4
2,1,1,1/8,1/8,3/8,1,1,1/8,,1/8,1,,2,74,,0
3,1,1,1/8,1/8,3/8,2,1,1/8,,1/8,1,,2,74,,2
4,1,1,1/4,1/4,3/8,3,1,1/8,,1/8,1,,0,72,,5
5,1,1,1/4,1/4,3/8,1,1,1/8,,1/8,1,,-3,75,,1
6,1,1,1/4,1/4,3/8,2,1,1/8,,1/8,1,,-3,75,,3
7,2,2,0,0,3/8,5,1,1/8,,1/8,1,,-2,58,,16
8,2,2,0,0,3/8,3,1,1/8,,1/8,1,,2,74,,13
9,2,2,0,0,3/8,1,1,1/8,,1/8,1,,-1,77,,7
10,2,2,0,0,3/8,2,1,1/8,,1/8,1,,-1,77,,10
11,2,2,1/8,1/8,3/8,1,1,1/8,,1/8,1,,3,69,,8
12,2,2,1/8,1/8,3/8,3,1,1/8,,1/8,1,,0,72,,14
13,2,2,1/8,1/8,3/8,2,1,1/8,,1/8,1,,-3,75,,11
14,2,2,1/4,1/4,3/8,1,1,1/8,,1/8,1,1,-2,70,,9
15,2,2,1/4,1/4,3/8,3,1,1/8,,1/8,1,,-2,70,,15
16,2,2,1/4,1/4,3/8,2,1,1/8,,1/8,1,,2,74,,12
17,3,3,0,0,3/8,5,1,1/8,,1/8,1,,-3,63,,26
18,3,3,0,0,3/8,1,1,1/8,,1/8,1,-1,-2,70,,17
19,3,3,0,0,3/8,3,1,1/8,,1/8,1,,-2,70,,23
20,3,3,0,0,3/8,2,1,1/8,,1/8,1,,1,79,,20
21,3,3,1/8,1/8,3/8,5,1,1/8,,1/8,1,,2,62,,27
22,3,3,1/8,1/8,3/8,3,1,1/8,,1/8,1,,-2,70,,24
23,3,3,1/8,1/8,3/8,1,1,1/8,,1/8,1,,-1,77,,18
24,3,3,1/8,1/8,3/8,2,1,1/8,,1/8,1,,-1,77,,21
25,3,3,1/4,1/4,3/8,5,1,1/8,,1/8,1,,0,60,,28
26,3,3,1/4,1/4,3/8,3,1,1/8,,1/8,1,,0,72,,25
27,3,3,1/4,1/4,3/8,1,1,1/8,,1/8,1,,-3,75,,19
28,3,3,1/4,1/4,3/8,2,1,1/8,,1/8,1,,-3,75,,22
29,4,4,0,0,3/8,5,1,1/8,,1/8,1,,-2,58,,38
30,4,4,0,0,3/8,3,1,1/8,,1/8,1,,-1,65,,35
31,4,4,0,0,3/8,1,1,1/8,,1/8,1,,2,74,,29
32,4,4,0,0,3/8,2,1,1/8,,1/8,1,,2,74,,32
33,4,4,1/8,1/8,3/8,3,1,1/8,,1/8,1,,-3,63,,36
34,4,4,1/8,1/8,3/8,1,1,1/8,,1/8,1,,3,69,,30
35,4,4,1/8,1/8,3/8,2,1,1/8,,1/8,1,,0,72,,33
36,4,4,1/4,1/4,3/8,3,1,1/8,,1/8,1,,2,62,,37
37,4,4,1/4,1/4,3/8,1,1,1/8,,1/8,1,,-2,70,,31
38,4,4,1/4,1/4,3/8,2,1,1/8,,1/8,1,,-2,70,,34
39,5,5,0,0,3/8,5,1,1/8,,1/8,1,,-3,51,,48
40,5,5,0,0,3/8,3,1,1/8,,1/8,1,,-2,70,,45
41,5,5,0,0,3/8,1,1,1/8,,1/8,1,,1,79,,39
42,5,5,0,0,3/8,2,1,1/8,,1/8,1,,1,79,,42
43,5,5,1/8,1/8,3/8,5,1,1/8,,1/8,1,,2,50,,49
44,5,5,1/8,1/8,3/8,3,1,1/8,,1/8,1,,-2,70,,46
45,5,5,1/8,1/8,3/8,1,1,1/8,,1/8,1,,-1,77,,40
46,5,5,1/8,1/8,3/8,2,1,1/8,,1/8,1,,-1,77,,43
47,5,5,1/4,1/4,3/8,5,1,1/8,,1/8,1,,0,48,,50
48,5,5,1/4,1/4,3/8,3,1,1/8,,1/8,1,,0,72,,47
49,5,5,1/4,1/4,3/8,1,1,1/8,,1/8,1,,-3,75,,41
50,5,5,1/4,1/4,3/8,2,1,1/8,,1/8,1,,-3,75,,44
51,6,6,0,0,3/8,5,1,1/4,,1/4,1,,-2,46,,64
52,6,6,0,0,3/8,3,1,1/8,,1/8,1,,-1,65,,59
53,6,6,0,0,3/8,1,1,1/16,,1/16,1,,2,74,,51
54,6,6,0,0,3/8,2,1,1/8,,1/8,1,,2,74,,54
55,6,6,1/16,1/16,3/8,1,1,1/16,,1/16,1,,0,72,,52
56,6,6,1/8,1/8,3/8,3,1,3/32,,1/16,3/2,,-2,70,,60
57,6,6,1/8,1/8,3/8,1,1,1/8,,1/8,1,,-2,70,,53
58,6,6,1/8,1/8,3/8,2,1,3/32,,1/16,3/2,,2,74,,55
59,6,6,7/32,7/32,3/8,3,1,1/32,,1/32,1,,3,69,,61
60,6,6,7/32,7/32,3/8,2,1,1/32,,1/32,1,,0,72,,56
61,6,6,1/4,1/4,3/8,3,1,3/32,,1/16,3/2,,-2,70,,62
62,6,6,1/4,1/4,3/8,2,1,3/32,,1/16,3/2,,2,74,,57
63,6,6,11/32,11/32,3/8,3,1,1/32,,1/32,1,,0,72,,63
64,6,6,11/32,11/32,3/8,2,1,1/32,,1/32,1,,-3,75,,58
65,7,7,0,0,3/8,5,1,1/8,,1/8,1,,-2,58,,73
66,7,7,0,0,3/8,3,1,1/8,,1/8,1,,2,74,,70
67,7,7,0,0,3/8,2,1,1/8,,1/8,1,,-1,77,,67
68,7,7,1/8,1/8,3/8,5,1,1/8,,1/8,1,,-2,58,,74
69,7,7,1/8,1/8,3/8,1,1,1/8,,1/8,1,,-2,70,,65
70,7,7,1/8,1/8,3/8,3,1,1/8,,1/8,1,,2,74,,71
71,7,7,1/8,1/8,3/8,2,1,1/8,,1/8,1,,-1,77,,68
72,7,7,1/4,1/4,3/8,5,1,1/8,,1/8,1,,-2,58,,75
73,7,7,1/4,1/4,3/8,1,1,1/8,,1/8,1,,2,74,,66
74,7,7,1/4,1/4,3/8,3,1,1/8,,1/8,1,,2,74,,72
75,7,7,1/4,1/4,3/8,2,1,1/8,,1/8,1,,-1,77,,69
76,8,8,0,0,3/8,5,1,1/8,,1/8,1,,3,57,,85
77,8,8,0,0,3/8,1,1,1/8,,1/8,1,,0,72,,76
78,8,8,0,0,3/8,3,1,1/8,,1/8,1,,0,72,,82
79,8,8,0,0,3/8,2,1,1/8,,1/8,1,,-1,77,,79
80,8,8,1/8,1/8,3/8,5,1,1/8,,1/8,1,,1,55,,86
81,8,8,1/8,1/8,3/8,3,1,1/8,,1/8,1,,-2,70,,83
82,8,8,1/8,1/8,3/8,1,1,1/8,,1/8,1,,4,76,,77
83,8,8,1/8,1/8,3/8,2,1,1/8,,1/8,1,,4,76,,80
84,8,8,1/4,1/4,3/8,5,1,1/8,,1/8,1,,-1,53,,87
85,8,8,1/4,1/4,3/8,3,1,1/8,,1/8,1,,3,69,,84
86,8,8,1/4,1/4,3/8,1,1,1/8,,1/8,1,,-1,77,,78
87,8,8,1/4,1/4,3/8,2,1,1/8,,1/8,1,,-1,77,,81
88,9,9,0,0,3/8,5,1,1/8,,1/8,1,,4,52,,100
89,9,9,0,0,3/8,3,1,1/8,,1/8,1,,-2,70,,97
90,9,9,0,0,3/8,1,1,1/16,,1/16,1,,1,79,,88
91,9,9,0,0,3/8,2,1,1/8,,1/8,1,,1,79,,94
92,9,9,1/16,1/16,3/8,1,1,1/16,,1/16,1,,-1,77,,89
93,9,9,1/8,1/8,3/8,5,1,1/8,,1/8,1,,4,52,,101
94,9,9,1/8,1/8,3/8,3,1,1/8,,1/8,1,,-2,70,,98
95,9,9,1/8,1/8,3/8,1,1,1/16,,1/16,1,,4,76,,90
96,9,9,1/8,1/8,3/8,2,1,1/8,,1/8,1,,1,79,,95
97,9,9,3/16,3/16,3/8,1,1,1/16,,1/16,1,,2,74,,91
98,9,9,1/4,1/4,3/8,5,1,1/8,,1/8,1,,4,52,,102
99,9,9,1/4,1/4,3/8,3,1,1/8,,1/8,1,,-2,70,,99
100,9,9,1/4,1/4,3/8,1,1,1/16,,1/16,1,,0,72,,92
101,9,9,1/4,1/4,3/8,2,1,1/8,,1/8,1,,1,79,,96
102,9,9,5/16,5/16,3/8,1,1,1/16,,1/16,1,,-2,70,,93
103,10,10,0,0,3/8,5,1,1/8,,1/8,1,,-1,53,,116
104,10,10,0,0,3/8,1,1,1/16,,1/16,1,,3,69,,103
105,10,10,0,0,3/8,3,1,1/8,,1/8,1,,3,69,,111
106,10,10,0,0,3/8,2,1,1/8,,1/8,1,,0,72,,106
107,10,10,1/16,1/16,3/8,1,1,1/16,,1/16,1,,1,67,,104
108,10,10,1/8,1/8,3/8,5,1,1/8,,1/8,1,,-1,41,,117
109,10,10,1/8,1/8,3/8,1,1,1/8,,1/8,1,,-1,65,,105
110,10,10,1/8,1/8,3/8,3,1,3/32,,1/16,3/2,,3,69,,112
111,10,10,1/8,1/8,3/8,2,1,3/32,,1/16,3/2,,-1,77,,107
112,10,10,7/32,7/32,3/8,3,1,1/32,,1/32,1,,1,67,,113
113,10,10,7/32,7/32,3/8,2,1,1/32,,1/32,1,,4,76,,108
114,10,10,1/4,1/4,3/8,3,1,3/32,,1/16,3/2,,3,69,,114
115,10,10,1/4,1/4,3/8,2,1,3/32,,1/16,3/2,,-1,77,,109
116,10,10,11/32,11/32,3/8,3,1,1/32,,1/32,1,,-2,70,,115
117,10,10,11/32,11/32,3/8,2,1,1/32,,1/32,1,,1,79,,110
118,11,11,0,0,3/8,3,1,1/8,,1/8,1,,0,72,,123
119,11,11,0,0,3/8,2,1,1/8,,1/8,1,,3,81,,120
120,11,11,1/8,1/8,3/8,5,1,1/8,,1/8,1,,-1,53,,126
121,11,11,1/8,1/8,3/8,3,1,1/8,,1/8,1,,3,69,,124
122,11,11,1/8,1/8,3/8,1,1,1/8,,1/8,1,,0,72,,118
123,11,11,1/8,1/8,3/8,2,1,1/8,,1/8,1,,0,72,,121
124,11,11,1/4,1/4,3/8,5,1,1/8,,1/8,1,,-2,46,,127
125,11,11,1/4,1/4,3/8,3,1,1/8,,1/8,1,,-2,70,,125
126,11,11,1/4,1/4,3/8,1,1,1/8,,1/8,1,,2,74,,119
127,11,11,1/4,1/4,3/8,2,1,1/8,,1/8,1,,2,74,,122
128,12,12,0,0,3/8,5,1,1/8,,1/8,1,,-1,53,,142
129,12,12,0,0,3/8,3,1,1/8,,1/8,1,,-2,70,,136
130,12,12,0,0,3/8,1,1,1/8,,1/8,1,,2,74,,128
131,12,12,0,0,3/8,2,1,1/8,,1/8,1,,2,74,,130
132,12,12,1/8,1/8,3/8,5,1,1/8,,1/8,1,,-1,41,,143
133,12,12,1/8,1/8,3/8,3,1,1/16,,1/16,1,,3,69,,137
134,12,12,1/8,1/8,3/8,2,1,1/16,,1/16,1,,0,72,,131
135,12,12,1/8,1/8,3/8,1,1,1/8,,1/8,1,,0,72,,129
136,12,12,3/16,3/16,3/8,3,1,1/32,,1/32,1,,1,67,,138
137,12,12,3/16,3/16,3/8,2,1,1/32,,1/32,1,,-2,70,,132
138,12,12,7/32,7/32,3/8,3,1,1/32,,1/32,1,,-1,65,,139
139,12,12,7/32,7/32,3/8,2,1,1/32,,1/32,1,,3,69,,133
140,12,12,1/4,1/4,3/8,3,1,3/32,,1/16,3/2,,1,67,,140
141,12,12,1/4,1/4,3/8,2,1,3/32,,1/16,3/2,,-2,70,,134
142,12,12,11/32,11/32,3/8,3,1,1/32,,1/32,1,,3,69,,141
143,12,12,11/32,11/32,3/8,2,1,1/32,,1/32,1,,0,72,,135
144,13,13,0,0,3/8,5,1,1/8,,1/8,1,,-2,58,,153
145,13,13,0,0,3/8,3,1,1/8,,1/8,1,,-2,70,,150
146,13,13,0,0,3/8,1,1,1/8,,1/8,1,,2,74,,144
147,13,13,0,0,3/8,2,1,1/8,,1/8,1,,2,74,,147
148,13,13,1/8,1/8,3/8,5,1,1/8,,1/8,1,,4,52,,154
149,13,13,1/8,1/8,3/8,3,1,1/8,,1/8,1,,1,67,,151
150,13,13,1/8,1/8,3/8,1,1,1/8,,1/8,1,,0,72,,145
151,13,13,1/8,1/8,3/8,2,1,1/8,,1/8,1,,0,72,,148
152,13,13,1/4,1/4,3/8,5,1,1/8,,1/8,1,,4,52,,155
153,13,13,1/4,1/4,3/8,3,1,1/8,,1/8,1,,1,67,,152
154,13,13,1/4,1/4,3/8,1,1,1/8,,1/8,1,,-2,70,,146
155,13,13,1/4,1/4,3/8,2,1,1/8,,1/8,1,,-2,70,,149
156,14,14,0,0,3/8,5,1,1/8,,1/8,1,,-1,53,,168
157,14,14,0,0,3/8,3,1,1/8,,1/8,1,,1,67,,163
158,14,14,0,0,3/8,1,1,1/8,,1/8,1,,-2,70,,156
159,14,14,0,0,3/8,2,1,1/8,,1/8,1,,-2,70,,158
160,14,14,1/8,1/8,3/8,5,1,1/8,,1/8,1,,-1,41,,169
161,14,14,1/8,1/8,3/8,3,1,3/32,,1/16,3/2,,-1,65,,164
162,14,14,1/8,1/8,3/8,2,1,3/32,,1/16,3/2,,3,69,,159
163,14,14,1/8,1/8,3/8,1,1,1/8,,1/8,1,,3,69,,157
164,14,14,7/32,7/32,3/8,3,1,1/32,,1/32,1,,4,64,,165
165,14,14,7/32,7/32,3/8,2,1,1/32,,1/32,1,,1,67,,160
166,14,14,1/4,1/4,3/8,3,1,3/32,,1/16,3/2,,-1,65,,166
167,14,14,1/4,1/4,3/8,2,1,3/32,,1/16,3/2,,3,69,,161
168,14,14,11/32,11/32,3/8,3,1,1/32,,1/32,1,,1,67,,167
169,14,14,11/32,11/32,3/8,2,1,1/32,,1/32,1,,-2,70,,162
170,15,15,0,0,3/8,5,1,1/8,,1/8,1,,-1,53,,178
171,15,15,0,0,3/8,3,1,1/8,,1/8,1,,3,69,,175
172,15,15,0,0,3/8,2,1,1/8,,1/8,1,,0,72,,172
173,15,15,1/8,1/8,3/8,5,1,1/8,,1/8,1,,3,57,,179
174,15,15,1/8,1/8,3/8,1,1,1/8,,1/8,1,,0,72,,170
175,15,15,1/8,1/8,3/8,3,1,1/8,,1/8,1,,0,72,,176
176,15,15,1/8,1/8,3/8,2,1,1/8,,1/8,1,,-1,77,,173
177,15,15,1/4,1/4,3/8,5,1,1/8,,1/8,1,,3,57,,180
178,15,15,1/4,1/4,3/8,3,1,1/8,,1/8,1,,0,72,,177
179,15,15,1/4,1/4,3/8,1,1,1/8,,1/8,1,,-1,77,,171
180,15,15,1/4,1/4,3/8,2,1,1/8,,1/8,1,,-1,77,,174
181,16,16,0,0,3/8,5,1,1/8,,1/8,1,,1,55,,190
182,16,16,0,0,3/8,3,1,1/8,,1/8,1,,-2,70,,187
183,16,16,0,0,3/8,1,1,1/8,,1/8,1,,4,76,,181
184,16,16,0,0,3/8,2,1,1/8,,1/8,1,,4,76,,184
185,16,16,1/8,1/8,3/8,5,1,1/8,,1/8,1,,-1,53,,191
186,16,16,1/8,1/8,3/8,3,1,1/8,,1/8,1,,3,69,,188
187,16,16,1/8,1/8,3/8,1,1,1/8,,1/8,1,,-1,77,,182
188,16,16,1/8,1/8,3/8,2,1,1/8,,1/8,1,,-1,77,,185
189,16,16,1/4,1/4,3/8,5,1,1/8,,1/8,1,,-1,53,,192
190,16,16,1/4,1/4,3/8,3,1,1/8,,1/8,1,,3,69,,189
191,16,16,1/4,1/4,3/8,1,1,1/8,,1/8,1,,0,72,,183
192,16,16,1/4,1/4,3/8,2,1,1/8,,1/8,1,,0,72,,186
193,17,17,0,0,3/8,5,1,1/8,,1/8,1,,-1,53,,202
194,17,17,0,0,3/8,3,1,1/8,,1/8,1,,1,67,,199
195,17,17,0,0,3/8,1,1,1/8,,1/8,1,,2,74,,193
196,17,17,0,0,3/8,2,1,1/8,,1/8,1,,2,74,,196
197,17,17,1/8,1/8,3/8,5,1,1/8,,1/8,1,,-1,53,,203
198,17,17,1/8,1/8,3/8,3,1,1/8,,1/8,1,,1,67,,200
199,17,17,1/8,1/8,3/8,1,1,1/8,,1/8,1,,5,71,,194
200,17,17,1/8,1/8,3/8,2,1,1/8,,1/8,1,,5,71,,197
201,17,17,1/4,1/4,3/8,5,1,1/8,,1/8,1,,4,52,,204
202,17,17,1/4,1/4,3/8,3,1,1/8,,1/8,1,,1,67,,201
203,17,17,1/4,1/4,3/8,1,1,1/8,,1/8,1,,0,72,,195
204,17,17,1/4,1/4,3/8,2,1,1/8,,1/8,1,,0,72,,198
205,18,18,0,0,3/8,5,1,1/8,,1/8,1,,-1,53,,216
206,18,18,0,0,3/8,3,1,1/16,,1/16,1,,0,60,,212
207,18,18,0,0,3/8,1,1,1/32,,1/32,1,,3,69,,205
208,18,18,0,0,3/8,2,1,1/8,,1/8,1,,3,69,,209
209,18,18,1/32,1/32,3/8,1,1,1/32,,1/32,1,,1,67,,206
210,18,18,1/16,1/16,3/8,1,1,1/16,,1/16,1,,-1,65,,207
211,18,18,1/16,1/16,3/8,3,1,1/16,,1/16,1,,-1,65,,213
212,18,18,1/8,1/8,3/8,2,1,0,appoggiatura,1/8,1,,3,69,,210
213,18,18,1/8,1/8,3/8,5,1,1/8,,1/8,1,,0,60,,217
214,18,18,1/8,1/8,3/8,3,1,1/8,,1/8,1,,-1,65,,214
215,18,18,1/8,1/8,3/8,1,1,1/4,,1/4,1,,1,67,,208
216,18,18,1/8,1/8,3/8,2,1,1/4,,1/4,1,,1,67,,211
217,18,18,1/4,1/4,3/8,5,1,1/8,,1/8,1,,0,48,,218
218,18,18,1/4,1/4,3/8,3,1,1/8,,1/8,1,,4,64,,215
219,19,19,0,0,3/8,5,1,1/8,,1/8,1,,-1,53,,228
220,19,19,0,0,3/8,2,1,1/8,,1/8,1,,-1,65,,220
221,19,19,0,0,3/8,3,1,1/8,,1/8,1,,-1,65,,223
222,19,19,0,0,3/8,1,1,1/4,,1/4,1,,-1,65,,219
223,19,19,1/8,1/8,3/8,5,1,1/8,,1/8,1,,-1,41,,229
224,19,19,1/8,1/8,3/8,4,1,1/8,,1/8,1,,0,60,,226
225,19,19,1/8,1/8,3/8,3,1,1/8,,1/8,1,,3,69,,224
226,19,19,1/8,1/8,3/8,2,1,1/8,,1/8,1,,-1,77,,221
227,19,19,1/4,1/4,3/8,5,1,1/8,,1/8,1,,-1,53,,230
228,19,19,1/4,1/4,3/8,4,1,1/8,,1/8,1,,0,60,,227
229,19,19,1/4,1/4,3/8,3,1,1/8,,1/8,1,,3,69,,225
230,19,19,1/4,1/4,3/8,2,1,1/8,,1/8,1,,-1,77,,222
231,20,20,0,0,3/8,5,1,1/8,,1/8,1,,0,60,,242
232,20,20,0,0,3/8,4,1,1/4,,1/4,1,,0,60,,241
233,20,20,0,0,3/8,3,1,1/8,,1/8,1,,3,69,,236
234,20,20,0,0,3/8,2,1,1/8,,1/8,1,,-1,77,,231
235,20,20,1/8,1/8,3/8,5,1,1/8,,1/8,1,,0,48,,243
236,20,20,1/8,1/8,3/8,3,1,3/32,,1/16,3/2,,1,67,,237
237,20,20,1/8,1/8,3/8,2,1,3/32,,1/16,3/2,,4,76,,232
238,20,20,7/32,7/32,3/8,3,1,1/32,,1/32,1,,-1,65,,238
239,20,20,7/32,7/32,3/8,2,1,1/32,,1/32,1,,2,74,,233
240,20,20,1/4,1/4,3/8,3,1,3/32,,1/16,3/2,,1,67,,239
241,20,20,1/4,1/4,3/8,2,1,3/32,,1/16,3/2,,4,76,,234
242,20,20,11/32,11/32,3/8,3,1,1/32,,1/32,1,,3,69,,240
243,20,20,11/32,11/32,3/8,2,1,1/32,,1/32,1,,-1,77,,235
244,21,21,0,0,3/8,5,1,1/8,,1/8,1,,0,60,,256
245,21,21,0,0,3/8,4,1,1/8,,1/8,1,,4,64,,254
246,21,21,0,0,3/8,3,1,1/8,,1/8,1,,-2,70,,249
247,21,21,0,0,3/8,2,1,1/8,,1/8,1,,1,79,,244
248,21,21,1/8,1/8,3/8,5,1,1/8,,1/8,1,,-1,53,,257
249,21,21,1/8,1/8,3/8,4,1,1/8,,1/8,1,,-1,65,,255
250,21,21,1/8,1/8,3/8,3,1,3/32,,1/16,3/2,,3,69,,250
251,21,21,1/8,1/8,3/8,2,1,3/32,,1/16,3/2,,-1,77,,245
252,21,21,7/32,7/32,3/8,3,1,1/32,,1/32,1,,1,67,,251
253,21,21,7/32,7/32,3/8,2,1,1/32,,1/32,1,,4,76,,246
254,21,21,1/4,1/4,3/8,3,1,3/32,,1/16,3/2,,3,69,,252
255,21,21,1/4,1/4,3/8,2,1,3/32,,1/16,3/2,,-1,77,,247
256,21,21,11/32,11/32,3/8,3,1,1/32,,1/32,1,,-2,70,,253
257,21,21,11/32,11/32,3/8,2,1,1/32,,1/32,1,,1,79,,248
258,22,22,0,0,3/8,5,1,1/8,,1/8,1,,-1,53,,270
259,22,22,0,0,3/8,4,1,1/8,,1/8,1,,-1,65,,268
260,22,22,0,0,3/8,3,1,1/8,,1/8,1,,0,72,,263
261,22,22,0,0,3/8,2,1,1/8,,1/8,1,,3,81,,258
262,22,22,1/8,1/8,3/8,5,1,1/8,,1/8,1,,-2,58,,271
263,22,22,1/8,1/8,3/8,4,1,1/8,,1/8,1,,2,62,,269
264,22,22,1/8,1/8,3/8,3,1,3/32,,1/16,3/2,,-2,70,,264
265,22,22,1/8,1/8,3/8,2,1,3/32,,1/16,3/2,,1,79,,259
266,22,22,7/32,7/32,3/8,3,1,1/32,,1/32,1,,3,69,,265
267,22,22,7/32,7/32,3/8,2,1,1/32,,1/32,1,,-1,77,,260
268,22,22,1/4,1/4,3/8,3,1,3/32,,1/16,3/2,,-2,70,,266
269,22,22,1/4,1/4,3/8,2,1,3/32,,1/16,3/2,,1,79,,261
270,22,22,11/32,11/32,3/8,3,1,1/32,,1/32,1,,0,72,,267
271,22,22,11/32,11/32,3/8,2,1,1/32,,1/32,1,,3,81,,262
272,23,23,0,0,3/8,5,1,1/8,,1/8,1,,1,55,,281
273,23,23,0,0,3/8,4,1,1/8,,1/8,1,,-2,58,,278
274,23,23,0,0,3/8,3,1,1/8,,1/8,1,,2,74,,275
275,23,23,0,0,3/8,2,1,1/8,,1/8,1,,-2,82,,272
276,23,23,1/8,1/8,3/8,5,1,3/32,,1/16,3/2,,3,57,,282
277,23,23,1/8,1/8,3/8,4,1,1/8,,1/8,1,,0,60,,279
278,23,23,1/8,1/8,3/8,3,1,1/8,,1/8,1,,0,72,,276
279,23,23,1/8,1/8,3/8,2,1,1/8,,1/8,1,,3,81,,273
280,23,23,7/32,7/32,3/8,5,1,1/32,,1/32,1,,-2,58,,283
281,23,23,1/4,1/4,3/8,4,1,1/8,,1/8,1,,0,60,,280
282,23,23,1/4,1/4,3/8,5,1,1/8,,1/8,1,,0,60,,284
283,23,23,1/4,1/4,3/8,3,1,1/8,,1/8,1,,4,76,,277
284,23,23,1/4,1/4,3/8,2,1,1/8,,1/8,1,,1,79,,274
285,24,24,0,0,3/8,5,1,1/8,,1/8,1,,-1,53,,295
286,24,24,0,0,3/8,4,1,1/8,,1/8,1,,0,60,,292
287,24,24,0,0,3/8,3,1,1/8,,1/8,1,,-1,77,,289
288,24,24,0,0,3/8,2,1,1/32,,1/32,1,,3,81,,285
289,24,24,1/32,1/32,3/8,2,1,1/32,,1/32,1,,1,79,,286
290,24,24,1/16,1/16,3/8,2,1,1/16,,1/16,1,,-1,77,,287
291,24,24,1/8,1/8,3/8,4,1,1/8,,1/8,1,,0,60,,293
292,24,24,1/8,1/8,3/8,5,1,1/8,,1/8,1,,0,60,,296
293,24,24,1/8,1/8,3/8,3,1,1/8,,1/8,1,,-1,77,,290
294,24,24,1/8,1/8,3/8,2,1,1/4,,1/4,1,,1,79,,288
295,24,24,1/4,1/4,3/8,5,1,1/8,,1/8,1,,0,48,,297
296,24,24,1/4,1/4,3/8,4,1,1/8,,1/8,1,,0,60,,294
297,24,24,1/4,1/4,3/8,3,1,1/8,,1/8,1,,4,76,,291
298,25,25,0,0,3/8,5,1,1/4,,1/4,1,,-1,53,,303
299,25,25,0,0,3/8,4,1,1/4,,1/4,1,,0,60,,302
300,25,25,0,0,3/8,2,1,1/4,,1/4,1,,-1,77,,300
301,25,25,0,0,3/8,3,1,1/4,,1/4,1,,-1,77,,301
302,25,25,1/8,1/8,3/8,1,1,1/8,,1/8,1,,3,69,,298
303,25,25,1/4,1/4,3/8,1,1,1/8,,1/8,1,,-2,70,,299
304,26,26,0,0,3/8,5,1,1/8,,1/8,1,,-1,53,,315
305,26,26,0,0,3/8,1,1,1/16,,1/16,1,,0,72,,304
306,26,26,1/16,1/16,3/8,1,1,1/16,,1/16,1,,2,74,,305
307,26,26,1/8,1/8,3/8,5,1,1/8,,1/8,1,,-1,41,,316
308,26,26,1/8,1/8,3/8,3,1,3/32,,1/16,3/2,,3,69,,311
309,26,26,1/8,1/8,3/8,2,1,3/32,,1/16,3/2,,0,72,,307
310,26,26,1/8,1/8,3/8,1,1,1/4,,1/4,1,,-3,75,,306
311,26,26,7/32,7/32,3/8,3,1,1/32,,1/32,1,,1,67,,312
312,26,26,7/32,7/32,3/8,2,1,1/32,,1/32,1,,-2,70,,308
313,26,26,1/4,1/4,3/8,3,1,3/32,,1/16,3/2,,3,69,,313
314,26,26,1/4,1/4,3/8,2,1,3/32,,1/16,3/2,,0,72,,309
315,26,26,11/32,11/32,3/8,3,1,1/32,,1/32,1,,-2,70,,314
316,26,26,11/32,11/32,3/8,2,1,1/32,,1/32,1,,2,74,,310
317,27,27,0,0,3/8,5,1,1/8,,1/8,1,,6,54,,326
318,27,27,0,0,3/8,3,1,1/8,,1/8,1,,0,72,,323
319,27,27,0,0,3/8,1,1,1/8,,1/8,1,,-3,75,,317
320,27,27,0,0,3/8,2,1,1/8,,1/8,1,,-3,75,,320
321,27,27,1/8,1/8,3/8,5,1,1/8,,1/8,1,,6,54,,327
322,27,27,1/8,1/8,3/8,3,1,1/8,,1/8,1,,3,69,,324
323,27,27,1/8,1/8,3/8,1,1,1/8,,1/8,1,,2,74,,318
324,27,27,1/8,1/8,3/8,2,1,1/8,,1/8,1,,2,74,,321
325,27,27,1/4,1/4,3/8,5,1,1/8,,1/8,1,,6,54,,328
326,27,27,1/4,1/4,3/8,3,1,1/8,,1/8,1,,3,69,,325
327,27,27,1/4,1/4,3/8,1,1,1/8,,1/8,1,,0,72,,319
328,27,27,1/4,1/4,3/8,2,1,1/8,,1/8,1,,0,72,,322
329,28,28,0,0,3/8,5,1,1/8,,1/8,1,,1,55,,341
330,28,28,0,0,3/8,3,1,3/32,,1/16,3/2,,1,67,,337
331,28,28,0,0,3/8,1,1,1/16,,1/16,1,,-2,70,,329
332,28,28,0,0,3/8,2,1,3/32,,1/16,3/2,,-2,70,,333
333,28,28,1/16,1/16,3/8,1,1,1/16,,1/16,1,,3,69,,330
334,28,28,3/32,3/32,3/8,3,1,1/32,,1/32,1,,3,69,,338
335,28,28,3/32,3/32,3/8,2,1,1/32,,1/32,1,,0,72,,334
336,28,28,1/8,1/8,3/8,5,1,1/8,,1/8,1,,1,55,,342
337,28,28,1/8,1/8,3/8,1,1,1/8,,1/8,1,,1,67,,331
338,28,28,1/8,1/8,3/8,3,1,1/8,,1/8,1,,-2,70,,339
339,28,28,1/8,1/8,3/8,2,1,1/8,,1/8,1,,2,74,,335
340,28,28,1/4,1/4,3/8,5,1,1/8,,1/8,1,,1,55,,343
341,28,28,1/4,1/4,3/8,3,1,1/8,,1/8,1,,-2,70,,340
342,28,28,1/4,1/4,3/8,1,1,1/8,,1/8,1,1,-3,75,,332
343,28,28,1/4,1/4,3/8,2,1,1/8,,1/8,1,1,-3,75,,336
344,29,29,0,0,3/8,5,1,1/8,,1/8,1,,6,54,,353
345,29,29,0,0,3/8,3,1,1/8,,1/8,1,,0,72,,350
346,29,29,0,0,3/8,1,1,1/8,,1/8,1,-1,-3,75,,344
347,29,29,0,0,3/8,2,1,1/8,,1/8,1,-1,-3,75,,347
348,29,29,1/8,1/8,3/8,5,1,1/8,,1/8,1,,6,54,,354
349,29,29,1/8,1/8,3/8,3,1,1/8,,1/8,1,,3,69,,351
350,29,29,1/8,1/8,3/8,1,1,1/8,,1/8,1,,2,74,,345
351,29,29,1/8,1/8,3/8,2,1,1/8,,1/8,1,,2,74,,348
352,29,29,1/4,1/4,3/8,5,1,1/8,,1/8,1,,6,54,,355
353,29,29,1/4,1/4,3/8,3,1,1/8,,1/8,1,,3,69,,352
354,29,29,1/4,1/4,3/8,1,1,1/8,,1/8,1,,0,72,,346
355,29,29,1/4,1/4,3/8,2,1,1/8,,1/8,1,,0,72,,349
356,30,30,0,0,3/8,5,1,1/8,,1/8,1,,1,55,,369
357,30,30,0,0,3/8,3,1,1/8,,1/8,1,,2,62,,364
358,30,30,0,0,3/8,1,1,1/16,,1/16,1,,-2,70,,356
359,30,30,0,0,3/8,2,1,1/8,,1/8,1,,-2,70,,359
360,30,30,1/16,1/16,3/8,1,1,1/16,,1/16,1,,3,69,,357
361,30,30,1/8,1/8,3/8,5,1,1/8,,1/8,1,,1,43,,370
362,30,30,1/8,1/8,3/8,3,1,3/32,,1/16,3/2,,1,67,,365
363,30,30,1/8,1/8,3/8,1,1,1/8,,1/8,1,,1,67,,358
364,30,30,1/8,1/8,3/8,2,1,3/32,,1/16,3/2,,-2,70,,360
365,30,30,7/32,7/32,3/8,3,1,1/32,,1/32,1,,6,66,,366
366,30,30,7/32,7/32,3/8,2,1,1/32,,1/32,1,,3,69,,361
367,30,30,1/4,1/4,3/8,3,1,3/32,,1/16,3/2,,1,67,,367
368,30,30,1/4,1/4,3/8,2,1,3/32,,1/16,3/2,,-2,70,,362
369,30,30,11/32,11/32,3/8,3,1,1/32,,1/32,1,,3,69,,368
370,30,30,11/32,11/32,3/8,2,1,1/32,,1/32,1,,0,72,,363
371,31,31,0,0,3/8,5,1,1/8,,1/8,1,,1,55,,375
372,31,31,0,0,3/8,3,1,1/8,,1/8,1,,-2,70,,374
373,31,31,0,0,3/8,2,1,1/8,,1/8,1,,2,74,,373
374,31,31,1/8,1/8,3/8,5,1,1/8,,1/8,1,,1,43,,376
375,31,31,1/8,1/8,3/8,1,1,1/8,,1/8,1,,1,67,,371
376,31,31,1/4,1/4,3/8,1,1,1/8,,1/8,1,,3,69,,372
377,32,32,0,0,3/8,5,1,1/8,,1/8,1,,1,55,,389
378,32,32,0,0,3/8,3,1,1/8,,1/8,1,,1,67,,386
379,32,32,0,0,3/8,1,1,3/32,,1/16,3/2,,-2,70,,377
380,32,32,0,0,3/8,2,1,3/32,,1/16,3/2,,-2,70,,381
381,32,32,3/32,3/32,3/8,2,1,1/32,,1/32,1,,3,69,,382
382,32,32,3/32,3/32,3/8,1,1,1/32,,1/32,1,,0,72,,378
383,32,32,1/8,1/8,3/8,5,1,1/8,,1/8,1,,1,55,,390
384,32,32,1/8,1/8,3/8,3,1,1/8,,1/8,1,,1,67,,387
385,32,32,1/8,1/8,3/8,2,1,3/32,,1/16,3/2,,-2,70,,383
386,32,32,1/8,1/8,3/8,1,1,1/8,,1/8,1,,2,74,,379
387,32,32,7/32,7/32,3/8,2,1,1/32,,1/32,1,,0,72,,384
388,32,32,1/4,1/4,3/8,5,1,1/8,,1/8,1,,-1,53,,391
389,32,32,1/4,1/4,3/8,3,1,1/8,,1/8,1,,3,69,,388
390,32,32,1/4,1/4,3/8,1,1,1/8,,1/8,1,1,2,74,,380
391,32,32,1/4,1/4,3/8,2,1,1/8,,1/8,1,1,2,74,,385
392,33,33,0,0,3/8,5,1,1/8,,1/8,1,,4,52,,401
393,33,33,0,0,3/8,3,1,1/8,,1/8,1,,-2,70,,398
394,33,33,0,0,3/8,1,1,1/8,,1/8,1,-1,2,74,,392
395,33,33,0,0,3/8,2,1,1/8,,1/8,1,-1,2,74,,395
396,33,33,1/8,1/8,3/8,5,1,1/8,,1/8,1,,4,52,,402
397,33,33,1/8,1/8,3/8,3,1,1/8,,1/8,1,,1,67,,399
398,33,33,1/8,1/8,3/8,1,1,1/8,,1/8,1,,0,72,,393
399,33,33,1/8,1/8,3/8,2,1,1/8,,1/8,1,,0,72,,396
400,33,33,1/4,1/4,3/8,5,1,1/8,,1/8,1,,4,52,,403
401,33,33,1/4,1/4,3/8,3,1,1/8,,1/8,1,,1,67,,400
402,33,33,1/4,1/4,3/8,1,1,1/8,,1/8,1,,-2,70,,394
403,33,33,1/4,1/4,3/8,2,1,1/8,,1/8,1,,-2,70,,397
404,34,34,0,0,3/8,5,1,1/8,,1/8,1,,-1,53,,416
405,34,34,0,0,3/8,3,1,3/32,,1/16,3/2,,-1,65,,412
406,34,34,0,0,3/8,1,1,3/32,,1/16,3/2,,3,69,,404
407,34,34,0,0,3/8,2,1,3/32,,1/16,3/2,,3,69,,408
408,34,34,3/32,3/32,3/8,3,1,1/32,,1/32,1,,1,67,,413
409,34,34,3/32,3/32,3/8,1,1,1/32,,1/32,1,,-2,70,,405
410,34,34,3/32,3/32,3/8,2,1,1/32,,1/32,1,,-2,70,,409
411,34,34,1/8,1/8,3/8,5,1,1/8,,1/8,1,,-1,53,,417
412,34,34,1/8,1/8,3/8,3,1,1/8,,1/8,1,,3,69,,414
413,34,34,1/8,1/8,3/8,1,1,1/8,,1/8,1,,0,72,,406
414,34,34,1/8,1/8,3/8,2,1,1/8,,1/8,1,,0,72,,410
415,34,34,1/4,1/4,3/8,5,1,1/8,,1/8,1,,-1,53,,418
416,34,34,1/4,1/4,3/8,3,1,1/8,,1/8,1,,3,69,,415
417,34,34,1/4,1/4,3/8,1,1,1/8,,1/8,1,1,2,74,,407
418,34,34,1/4,1/4,3/8,2,1,1/8,,1/8,1,1,2,74,,411
419,35,35,0,0,3/8,5,1,1/8,,1/8,1,,4,52,,428
420,35,35,0,0,3/8,3,1,1/8,,1/8,1,,-2,70,,425
421,35,35,0,0,3/8,1,1,1/8,,1/8,1,-1,2,74,,419
422,35,35,0,0,3/8,2,1,1/8,,1/8,1,-1,2,74,,422
423,35,35,1/8,1/8,3/8,5,1,1/8,,1/8,1,,4,52,,429
424,35,35,1/8,1/8,3/8,3,1,1/8,,1/8,1,,1,67,,426
425,35,35,1/8,1/8,3/8,1,1,1/8,,1/8,1,,0,72,,420
426,35,35,1/8,1/8,3/8,2,1,1/8,,1/8,1,,0,72,,423
427,35,35,1/4,1/4,3/8,5,1,1/8,,1/8,1,,4,52,,430
428,35,35,1/4,1/4,3/8,3,1,1/8,,1/8,1,,1,67,,427
429,35,35,1/4,1/4,3/8,1,1,1/8,,1/8,1,,-2,70,,421
430,35,35,1/4,1/4,3/8,2,1,1/8,,1/8,1,,-2,70,,424
431,36,36,0,0,3/8,5,1,1/8,,1/8,1,,-1,53,,444
432,36,36,0,0,3/8,3,1,1/8,,1/8,1,,-1,65,,439
433,36,36,0,0,3/8,1,1,3/32,,1/16,3/2,,3,69,,431
434,36,36,0,0,3/8,2,1,1/8,,1/8,1,,3,69,,434
435,36,36,3/32,3/32,3/8,1,1,1/32,,1/32,1,,1,67,,432
436,36,36,1/8,1/8,3/8,5,1,1/8,,1/8,1,,-1,41,,445
437,36,36,1/8,1/8,3/8,1,1,1/8,,1/8,1,,-1,65,,433
438,36,36,1/8,1/8,3/8,3,1,3/32,,1/16,3/2,,1,67,,440
439,36,36,1/8,1/8,3/8,2,1,3/32,,1/16,3/2,,-2,70,,435
440,36,36,7/32,7/32,3/8,3,1,1/32,,1/32,1,,-1,65,,441
441,36,36,7/32,7/32,3/8,2,1,1/32,,1/32,1,,3,69,,436
442,36,36,1/4,1/4,3/8,3,1,3/32,,1/16,3/2,,1,67,,442
443,36,36,1/4,1/4,3/8,2,1,3/32,,1/16,3/2,,-2,70,,437
444,36,36,11/32,11/32,3/8,3,1,1/32,,1/32,1,,3,69,,443
445,36,36,11/32,11/32,3/8,2,1,1/32,,1/32,1,,0,72,,438
446,37,37,0,0,3/8,5,1,1/8,,1/8,1,,-2,46,,454
447,37,37,0,0,3/8,3,1,1/8,,1/8,1,,-2,70,,451
448,37,37,0,0,3/8,2,1,1/8,,1/8,1,,2,74,,448
449,37,37,1/8,1/8,3/8,5,1,1/8,,1/8,1,,2,50,,455
450,37,37,1/8,1/8,3/8,3,1,1/8,,1/8,1,,-2,70,,452
451,37,37,1/8,1/8,3/8,1,1,1/8,,1/8,1,,-1,77,,446
452,37,37,1/8,1/8,3/8,2,1,1/8,,1/8,1,,-1,77,,449
453,37,37,1/4,1/4,3/8,5,1,1/8,,1/8,1,,-2,46,,456
454,37,37,1/4,1/4,3/8,3,1,1/8,,1/8,1,,-1,65,,453
455,37,37,1/4,1/4,3/8,1,1,1/8,,1/8,1,,-2,70,,447
456,37,37,1/4,1/4,3/8,2,1,1/8,,1/8,1,,-2,70,,450
457,38,38,0,0,3/8,5,1,1/8,,1/8,1,,-3,51,,469
458,38,38,0,0,3/8,3,1,1/8,,1/8,1,,1,67,,464
459,38,38,0,0,3/8,1,1,1/8,,1/8,1,,0,72,,457
460,38,38,0,0,3/8,2,1,1/8,,1/8,1,,0,72,,459
461,38,38,1/8,1/8,3/8,5,1,1/8,,1/8,1,,2,50,,470
462,38,38,1/8,1/8,3/8,3,1,3/32,,1/16,3/2,,-1,65,,465
463,38,38,1/8,1/8,3/8,2,1,3/32,,1/16,3/2,,-2,70,,460
464,38,38,1/8,1/8,3/8,1,1,1/4,,1/4,1,,-2,70,,458
465,38,38,7/32,7/32,3/8,3,1,1/32,,1/32,1,,-1,65,,466
466,38,38,7/32,7/32,3/8,2,1,1/32,,1/32,1,,3,69,,461
467,38,38,1/4,1/4,3/8,3,1,3/32,,1/16,3/2,,1,67,,467
468,38,38,1/4,1/4,3/8,2,1,3/32,,1/16,3/2,,-2,70,,462
469,38,38,11/32,11/32,3/8,3,1,1/32,,1/32,1,,3,69,,468
470,38,38,11/32,11/32,3/8,2,1,1/32,,1/32,1,,0,72,,463
471,39,39,0,0,3/8,5,1,1/8,,1/8,1,,-2,58,,480
472,39,39,0,0,3/8,3,1,1/8,,1/8,1,,-2,70,,477
473,39,39,0,0,3/8,1,1,1/8,,1/8,1,,2,74,,471
474,39,39,0,0,3/8,2,1,1/8,,1/8,1,,2,74,,474
475,39,39,1/8,1/8,3/8,5,1,1/8,,1/8,1,,-2,58,,481
476,39,39,1/8,1/8,3/8,3,1,1/8,,1/8,1,,-2,70,,478
477,39,39,1/8,1/8,3/8,1,1,1/8,,1/8,1,,-1,77,,472
478,39,39,1/8,1/8,3/8,2,1,1/8,,1/8,1,,-1,77,,475
479,39,39,1/4,1/4,3/8,5,1,1/8,,1/8,1,,-2,58,,482
480,39,39,1/4,1/4,3/8,3,1,1/8,,1/8,1,,2,62,,479
481,39,39,1/4,1/4,3/8,1,1,1/8,,1/8,1,,-2,70,,473
482,39,39,1/4,1/4,3/8,2,1,1/8,,1/8,1,,-2,70,,476
483,40,40,0,0,3/8,5,1,1/8,,1/8,1,,-3,51,,493
484,40,40,0,0,3/8,3,1,1/8,,1/8,1,,1,67,,491
485,40,40,0,0,3/8,1,1,1/8,,1/8,1,,0,72,,483
486,40,40,0,0,3/8,2,1,1/8,,1/8,1,,0,72,,485
487,40,40,1/8,1/8,3/8,5,1,1/8,,1/8,1,,2,50,,494
488,40,40,1/8,1/8,3/8,3,1,1/8,,1/8,1,,-1,65,,492
489,40,40,1/8,1/8,3/8,1,1,1/8,,1/8,1,,-2,70,,484
490,40,40,1/8,1/8,3/8,2,1,1/32,,1/32,1,,2,74,,486
491,40,40,5/32,5/32,3/8,2,1,1/32,,1/32,1,,0,72,,487
492,40,40,3/16,3/16,3/8,2,1,1/16,,1/16,1,,-2,70,,488
493,40,40,1/4,1/4,3/8,2,1,3/32,,1/16,3/2,,0,72,,489
494,40,40,11/32,11/32,3/8,2,1,1/32,,1/32,1,,2,74,,490
495,41,41,0,0,3/8,5,1,1/8,,1/8,1,,1,55,,503
496,41,41,0,0,3/8,3,1,1/8,,1/8,1,,-2,70,,500
497,41,41,0,0,3/8,2,1,1/8,,1/8,1,,-3,75,,497
498,41,41,1/8,1/8,3/8,5,1,1/8,,1/8,1,,1,55,,504
499,41,41,1/8,1/8,3/8,3,1,1/8,,1/8,1,,-2,70,,501
500,41,41,1/8,1/8,3/8,1,1,1/8,,1/8,1,,-3,75,,495
501,41,41,1/8,1/8,3/8,2,1,1/8,,1/8,1,,-3,75,,498
502,41,41,1/4,1/4,3/8,5,1,1/8,,1/8,1,,1,55,,505
503,41,41,1/4,1/4,3/8,3,1,1/8,,1/8,1,,-2,70,,502
504,41,41,1/4,1/4,3/8,1,1,1/8,,1/8,1,,-3,75,,496
505,41,41,1/4,1/4,3/8,2,1,1/8,,1/8,1,,-3,75,,499
506,42,42,0,0,3/8,5,1,1/8,,1/8,1,,3,57,,516
507,42,42,0,0,3/8,1,1,3/32,,1/16,3/2,,-1,65,,506
508,42,42,0,0,3/8,3,1,1/8,,1/8,1,,0,72,,513
509,42,42,0,0,3/8,2,1,1/8,,1/8,1,,-3,75,,510
510,42,42,3/32,3/32,3/8,1,1,1/32,,1/32,1,,1,67,,507
511,42,42,1/8,1/8,3/8,5,1,1/8,,1/8,1,,3,57,,517
512,42,42,1/8,1/8,3/8,1,1,1/8,,1/8,1,,-1,65,,508
513,42,42,1/8,1/8,3/8,3,1,1/8,,1/8,1,,0,72,,514
514,42,42,1/8,1/8,3/8,2,1,1/8,,1/8,1,,-3,75,,511
515,42,42,1/4,1/4,3/8,5,1,1/8,,1/8,1,,3,57,,518
516,42,42,1/4,1/4,3/8,1,1,1/8,,1/8,1,,-1,65,,509
517,42,42,1/4,1/4,3/8,3,1,1/8,,1/8,1,,0,72,,515
518,42,42,1/4,1/4,3/8,2,1,1/8,,1/8,1,,-3,75,,512
519,43,43,0,0,3/8,5,1,1/8,,1/8,1,,3,57,,527
520,43,43,0,0,3/8,3,1,1/8,,1/8,1,,0,72,,524
521,43,43,0,0,3/8,1,1,1/8,,1/8,1,,-3,75,,519
522,43,43,0,0,3/8,2,1,1/8,,1/8,1,,-3,75,,521
523,43,43,1/8,1/8,3/8,5,1,1/8,,1/8,1,,3,57,,528
524,43,43,1/8,1/8,3/8,3,1,1/8,,1/8,1,,0,72,,525
525,43,43,1/8,1/8,3/8,2,1,1/8,,1/8,1,,-3,75,,522
526,43,43,1/8,1/8,3/8,1,1,1/4,,1/4,1,,-3,75,,520
527,43,43,1/4,1/4,3/8,5,1,1/8,,1/8,1,,3,57,,529
528,43,43,1/4,1/4,3/8,3,1,1/8,,1/8,1,,0,72,,526
529,43,43,1/4,1/4,3/8,2,1,1/8,,1/8,1,,-3,75,,523
530,44,44,0,0,3/8,5,1,1/8,,1/8,1,,3,57,,539
531,44,44,0,0,3/8,1,1,1/8,,1/8,1,,-1,65,,530
532,44,44,0,0,3/8,3,1,1/8,,1/8,1,,0,72,,536
533,44,44,0,0,3/8,2,1,1/8,,1/8,1,,-3,75,,533
534,44,44,1/8,1/8,3/8,5,1,1/8,,1/8,1,,3,57,,540
535,44,44,1/8,1/8,3/8,1,1,1/8,,1/8,1,,-1,65,,531
536,44,44,1/8,1/8,3/8,3,1,1/8,,1/8,1,,0,72,,537
537,44,44,1/8,1/8,3/8,2,1,1/8,,1/8,1,,-3,75,,534
538,44,44,1/4,1/4,3/8,5,1,1/8,,1/8,1,,3,57,,541
539,44,44,1/4,1/4,3/8,3,1,1/8,,1/8,1,,0,72,,538
540,44,44,1/4,1/4,3/8,1,1,1/8,,1/8,1,,-3,75,,532
541,44,44,1/4,1/4,3/8,2,1,1/8,,1/8,1,,-3,75,,535
542,45,45,0,0,3/8,5,1,1/8,,1/8,1,,-2,58,,553
543,45,45,0,0,3/8,3,1,1/8,,1/8,1,,-2,70,,550
544,45,45,0,0,3/8,1,1,1/32,,1/32,1,,2,74,,542
545,45,45,0,0,3/8,2,1,1/32,,1/32,1,,2,74,,546
546,45,45,1/32,1/32,3/8,1,1,1/32,,1/32,1,,0,72,,543
547,45,45,1/32,1/32,3/8,2,1,1/32,,1/32,1,,0,72,,547
548,45,45,1/16,1/16,3/8,1,1,1/16,,1/16,1,,-2,70,,544
549,45,45,1/16,1/16,3/8,2,1,1/16,,1/16,1,,-2,70,,548
550,45,45,1/8,1/8,3/8,5,1,1/8,,1/8,1,,-3,51,,554
551,45,45,1/8,1/8,3/8,3,1,1/8,,1/8,1,,-2,70,,551
552,45,45,1/8,1/8,3/8,1,1,1/4,,1/4,1,,0,72,,545
553,45,45,1/8,1/8,3/8,2,1,1/4,,1/4,1,,0,72,,549
554,45,45,1/4,1/4,3/8,5,1,1/8,,1/8,1,,-1,53,,555
555,45,45,1/4,1/4,3/8,3,1,1/8,,1/8,1,,3,69,,552
556,46,46,0,0,3/8,5,1,1/8,,1/8,1,,-2,46,,563
557,46,46,0,0,3/8,1,1,1/8,,1/8,1,,-2,70,,556
558,46,46,0,0,3/8,2,1,1/8,,1/8,1,,-2,70,,561
559,46,46,0,0,3/8,3,1,1/8,,1/8,1,,-2,70,,562
560,46,46,1/8,1/8,3/8,1,1,1/16,,1/16,1,,-1,77,,557
561,46,46,3/16,3/16,3/8,1,1,1/16,,1/16,1,,1,79,,558
562,46,46,1/4,1/4,3/8,1,1,1/16,,1/16,1,,-1,77,,559
563,46,46,5/16,5/16,3/8,1,1,1/16,,1/16,1,,4,76,,560
564,47,47,0,0,3/8,5,1,1/8,,1/8,1,,-1,53,,571
565,47,47,0,0,3/8,3,1,1/8,,1/8,1,,3,69,,570
566,47,47,0,0,3/8,2,1,1/8,,1/8,1,,0,72,,569
567,47,47,0,0,3/8,1,1,1/8,,1/8,1,,-1,77,,564
568,47,47,1/8,1/8,3/8,1,1,1/16,,1/16,1,,-3,75,,565
569,47,47,3/16,3/16,3/8,1,1,1/16,,1/16,1,,-1,77,,566
570,47,47,1/4,1/4,3/8,1,1,1/16,,1/16,1,,-3,75,,567
571,47,47,5/16,5/16,3/8,1,1,1/16,,1/16,1,,2,74,,568
572,48,48,0,0,3/8,5,1,1/8,,1/8,1,,-1,53,,579
573,48,48,0,0,3/8,3,1,1/8,,1/8,1,,3,69,,578
574,48,48,0,0,3/8,2,1,1/8,,1/8,1,,0,72,,577
575,48,48,0,0,3/8,1,1,1/8,,1/8,1,,-3,75,,572
576,48,48,1/8,1/8,3/8,1,1,1/16,,1/16,1,,-5,73,,573
577,48,48,3/16,3/16,3/8,1,1,1/16,,1/16,1,,-3,75,,574
578,48,48,1/4,1/4,3/8,1,1,1/16,,1/16,1,,-5,73,,575
579,48,48,5/16,5/16,3/8,1,1,1/16,,1/16,1,,0,72,,576
580,49,49,0,0,3/8,5,1,1/8,,1/8,1,,-2,58,,587
581,49,49,0,0,3/8,3,1,1/8,,1/8,1,,-2,70,,586
582,49,49,0,0,3/8,1,1,1/8,,1/8,1,,-5,73,,580
583,49,49,0,0,3/8,2,1,1/8,,1/8,1,,-5,73,,585
584,49,49,1/8,1/8,3/8,1,1,1/16,,1/16,1,,-7,71,,581
585,49,49,3/16,3/16,3/8,1,1,1/16,,1/16,1,,-5,73,,582
586,49,49,1/4,1/4,3/8,1,1,1/16,,1/16,1,,-7,71,,583
587,49,49,5/16,5/16,3/8,1,1,1/16,,1/16,1,,-2,70,,584
588,50,50,0,0,3/8,5,1,1/8,,1/8,1,,-3,51,,595
589,50,50,0,0,3/8,3,1,1/8,,1/8,1,,-6,66,,594
590,50,50,0,0,3/8,1,1,1/8,,1/8,1,,-7,71,,588
591,50,50,0,0,3/8,2,1,1/8,,1/8,1,,5,71,,593
592,50,50,1/8,1/8,3/8,1,1,1/16,,1/16,1,,-2,70,,589
593,50,50,3/16,3/16,3/8,1,1,1/16,,1/16,1,,-7,71,,590
594,50,50,1/4,1/4,3/8,1,1,1/16,,1/16,1,,-2,70,,591
595,50,50,5/16,5/16,3/8,1,1,1/16,,1/16,1,,3,69,,592
596,51,51,0,0,3/8,5,1,1/8,,1/8,1,,4,52,,603
597,51,51,0,0,3/8,3,1,1/8,,1/8,1,,1,67,,602
598,51,51,0,0,3/8,1,1,1/8,,1/8,1,,-2,70,,596
599,51,51,0,0,3/8,2,1,1/8,,1/8,1,,-2,70,,601
600,51,51,1/8,1/8,3/8,1,1,1/16,,1/16,1,,3,69,,597
601,51,51,3/16,3/16,3/8,1,1,1/16,,1/16,1,,-2,70,,598
602,51,51,1/4,1/4,3/8,1,1,1/16,,1/16,1,,3,69,,599
603,51,51,5/16,5/16,3/8,1,1,1/16,,1/16,1,,1,67,,600
604,52,52,0,0,3/8,5,1,1/8,,1/8,1,,-1,53,,617
605,52,52,0,0,3/8,3,1,1/8,,1/8,1,,-1,65,,612
606,52,52,0,0,3/8,1,1,3/32,,1/16,3/2,,3,69,,604
607,52,52,0,0,3/8,2,1,1/8,,1/8,1,,3,69,,607
608,52,52,3/32,3/32,3/8,1,1,1/32,,1/32,1,,-2,70,,605
609,52,52,1/8,1/8,3/8,3,1,3/32,,1/16,3/2,,-1,65,,613
610,52,52,1/8,1/8,3/8,2,1,3/32,,1/16,3/2,,3,69,,608
611,52,52,1/8,1/8,3/8,1,1,1/8,,1/8,1,,0,72,,606
612,52,52,7/32,7/32,3/8,3,1,1/32,,1/32,1,,4,64,,614
613,52,52,7/32,7/32,3/8,2,1,1/32,,1/32,1,,1,67,,609
614,52,52,1/4,1/4,3/8,3,1,3/32,,1/16,3/2,,-1,65,,615
615,52,52,1/4,1/4,3/8,2,1,3/32,,1/16,3/2,,3,69,,610
616,52,52,11/32,11/32,3/8,3,1,1/32,,1/32,1,,1,67,,616
617,52,52,11/32,11/32,3/8,2,1,1/32,,1/32,1,,-2,70,,611
618,53,53,0,0,3/8,5,1,1/8,,1/8,1,,-1,53,,630
619,53,53,0,0,3/8,3,1,1/8,,1/8,1,,3,69,,625
620,53,53,0,0,3/8,2,1,1/8,,1/8,1,,0,72,,620
621,53,53,0,0,3/8,1,1,1/8,,1/8,1,,-3,75,,618
622,53,53,1/8,1/8,3/8,5,1,1/8,,1/8,1,,-1,53,,631
623,53,53,1/8,1/8,3/8,3,1,3/32,,1/16,3/2,,3,69,,626
624,53,53,1/8,1/8,3/8,2,1,3/32,,1/16,3/2,,0,72,,621
625,53,53,1/8,1/8,3/8,1,1,1/4,,1/4,1,,-3,75,,619
626,53,53,7/32,7/32,3/8,3,1,1/32,,1/32,1,,1,67,,627
627,53,53,7/32,7/32,3/8,2,1,1/32,,1/32,1,,-2,70,,622
628,53,53,1/4,1/4,3/8,5,1,1/8,,1/8,1,,-1,53,,632
629,53,53,1/4,1/4,3/8,3,1,3/32,,1/16,3/2,,3,69,,628
630,53,53,1/4,1/4,3/8,2,1,3/32,,1/16,3/2,,0,72,,623
631,53,53,11/32,11/32,3/8,3,1,1/32,,1/32,1,,-2,70,,629
632,53,53,11/32,11/32,3/8,2,1,1/32,,1/32,1,,2,74,,624
633,54,54,0,0,3/8,5,1,1/8,,1/8,1,,3,45,,642
634,54,54,0,0,3/8,1,1,1/8,,1/8,1,,-1,65,,633
635,54,54,0,0,3/8,3,1,1/8,,1/8,1,,0,72,,639
636,54,54,0,0,3/8,2,1,1/8,,1/8,1,,-3,75,,636
637,54,54,1/8,1/8,3/8,5,1,1/8,,1/8,1,,3,45,,643
638,54,54,1/8,1/8,3/8,1,1,1/8,,1/8,1,,-1,65,,634
639,54,54,1/8,1/8,3/8,3,1,1/8,,1/8,1,,0,72,,640
640,54,54,1/8,1/8,3/8,2,1,1/8,,1/8,1,,-3,75,,637
641,54,54,1/4,1/4,3/8,5,1,1/8,,1/8,1,,3,45,,644
642,54,54,1/4,1/4,3/8,3,1,1/8,,1/8,1,,0,72,,641
643,54,54,1/4,1/4,3/8,1,1,1/8,,1/8,1,,-3,75,,635
644,54,54,1/4,1/4,3/8,2,1,1/8,,1/8,1,,-3,75,,638
645,55,55,0,0,3/8,5,1,1/8,,1/8,1,,-2,46,,655
646,55,55,0,0,3/8,3,1,1/16,,1/16,1,,-1,65,,651
647,55,55,0,0,3/8,1,1,1/32,,1/32,1,,2,74,,645
648,55,55,0,0,3/8,2,1,1/8,,1/8,1,,2,74,,649
649,55,55,1/32,1/32,3/8,1,1,1/32,,1/32,1,,0,72,,646
650,55,55,1/16,1/16,3/8,1,1,1/16,,1/16,1,,-2,70,,647
651,55,55,1/16,1/16,3/8,3,1,1/16,,1/16,1,,-2,70,,652
652,55,55,1/8,1/8,3/8,5,1,1/8,,1/8,1,,-1,53,,656
653,55,55,1/8,1/8,3/8,3,1,1/8,,1/8,1,,-2,70,,653
654,55,55,1/8,1/8,3/8,1,1,1/4,,1/4,1,,0,72,,648
655,55,55,1/8,1/8,3/8,2,1,1/4,,1/4,1,,0,72,,650
656,55,55,1/4,1/4,3/8,5,1,1/8,,1/8,1,,-1,41,,657
657,55,55,1/4,1/4,3/8,3,1,1/8,,1/8,1,,3,69,,654
658,56,56,0,0,3/8,5,1,1/8,,1/8,1,,-2,46,,667
659,56,56,0,0,3/8,2,1,1/8,,1/8,1,,-2,70,,659
660,56,56,0,0,3/8,3,1,1/8,,1/8,1,,-2,70,,662
661,56,56,0,0,3/8,1,1,1/4,,1/4,1,,-2,70,,658
662,56,56,1/8,1/8,3/8,5,1,1/8,,1/8,1,,-2,46,,668
663,56,56,1/8,1/8,3/8,4,1,1/8,,1/8,1,,2,62,,665
664,56,56,1/8,1/8,3/8,3,1,1/8,,1/8,1,,-1,65,,663
665,56,56,1/8,1/8,3/8,2,1,1/8,,1/8,1,,2,74,,660
666,56,56,1/4,1/4,3/8,5,1,1/8,,1/8,1,,0,48,,669
667,56,56,1/4,1/4,3/8,4,1,1/8,,1/8,1,,0,60,,666
668,56,56,1/4,1/4,3/8,3,1,1/8,,1/8,1,,-3,63,,664
669,56,56,1/4,1/4,3/8,2,1,1/8,,1/8,1,,-3,75,,661
670,57,57,0,0,3/8,5,1,1/8,,1/8,1,,2,50,,679
671,57,57,0,0,3/8,4,1,1/8,,1/8,1,,-2,58,,676
672,57,57,0,0,3/8,3,1,1/8,,1/8,1,,2,62,,673
673,57,57,0,0,3/8,2,1,1/8,,1/8,1,,-1,77,,670
674,57,57,1/8,1/8,3/8,5,1,1/8,,1/8,1,,0,48,,680
675,57,57,1/8,1/8,3/8,4,1,1/8,,1/8,1,,0,60,,677
676,57,57,1/8,1/8,3/8,3,1,1/8,,1/8,1,,-3,63,,674
677,57,57,1/8,1/8,3/8,2,1,1/8,,1/8,1,,3,69,,671
678,57,57,1/4,1/4,3/8,5,1,1/8,,1/8,1,,-2,46,,681
679,57,57,1/4,1/4,3/8,4,1,1/8,,1/8,1,,2,62,,678
680,57,57,1/4,1/4,3/8,3,1,1/8,,1/8,1,,-1,65,,675
681,57,57,1/4,1/4,3/8,2,1,1/8,,1/8,1,1,-2,70,,672
682,58,58,0,0,3/8,5,1,1/8,,1/8,1,,-3,51,,691
683,58,58,0,0,3/8,4,1,1/8,,1/8,1,,-3,63,,688
684,58,58,0,0,3/8,3,1,1/8,,1/8,1,,1,67,,685
685,58,58,0,0,3/8,2,1,1/8,,1/8,1,-1,-2,70,,682
686,58,58,1/8,1/8,3/8,5,1,1/8,,1/8,1,,2,50,,692
687,58,58,1/8,1/8,3/8,4,1,1/8,,1/8,1,,-2,58,,689
688,58,58,1/8,1/8,3/8,3,1,1/8,,1/8,1,,-1,65,,686
689,58,58,1/8,1/8,3/8,2,1,1/8,,1/8,1,,-1,77,,683
690,58,58,1/4,1/4,3/8,5,1,1/8,,1/8,1,,0,48,,693
691,58,58,1/4,1/4,3/8,4,1,1/8,,1/8,1,,-3,63,,690
692,58,58,1/4,1/4,3/8,3,1,1/8,,1/8,1,,3,69,,687
693,58,58,1/4,1/4,3/8,2,1,1/8,,1/8,1,,-3,75,,684
694,59,59,0,0,3/8,5,1,1/8,,1/8,1,,-2,46,,703
695,59,59,0,0,3/8,4,1,1/8,,1/8,1,,-1,65,,700
696,59,59,0,0,3/8,3,1,1/8,,1/8,1,,-2,70,,697
697,59,59,0,0,3/8,2,1,1/8,,1/8,1,,2,74,,694
698,59,59,1/8,1/8,3/8,5,1,1/8,,1/8,1,,0,48,,704
699,59,59,1/8,1/8,3/8,4,1,1/8,,1/8,1,,-3,63,,701
700,59,59,1/8,1/8,3/8,2,1,1/8,,1/8,1,,3,69,,695
701,59,59,1/8,1/8,3/8,3,1,1/8,,1/8,1,,-3,75,,698
702,59,59,1/4,1/4,3/8,5,1,1/8,,1/8,1,,2,50,,705
703,59,59,1/4,1/4,3/8,4,1,1/8,,1/8,1,,-1,65,,702
704,59,59,1/4,1/4,3/8,2,1,1/8,,1/8,1,,-2,70,,696
705,59,59,1/4,1/4,3/8,3,1,1/8,,1/8,1,,2,74,,699
706,60,60,0,0,3/8,5,1,1/8,,1/8,1,,-3,51,,715
707,60,60,0,0,3/8,4,1,1/8,,1/8,1,,1,67,,712
708,60,60,0,0,3/8,3,1,1/8,,1/8,1,,-2,70,,709
709,60,60,0,0,3/8,2,1,1/8,,1/8,1,,1,79,,706
710,60,60,1/8,1/8,3/8,5,1,1/8,,1/8,1,,-1,53,,716
711,60,60,1/8,1/8,3/8,4,1,1/8,,1/8,1,,0,60,,713
712,60,60,1/8,1/8,3/8,3,1,1/8,,1/8,1,,3,69,,710
713,60,60,1/8,1/8,3/8,2,1,1/8,,1/8,1,,-1,77,,707
714,60,60,1/4,1/4,3/8,5,1,1/8,,1/8,1,,-1,41,,717
715,60,60,1/4,1/4,3/8,4,1,1/8,,1/8,1,,-1,65,,714
716,60,60,1/4,1/4,3/8,3,1,1/8,,1/8,1,,3,69,,711
717,60,60,1/4,1/4,3/8,2,1,1/8,,1/8,1,,-3,75,,708
718,61,61,0,0,3/8,5,1,1/8,,1/8,1,,-2,46,,727
719,61,61,0,0,3/8,4,1,1/8,,1/8,1,,-1,65,,725
720,61,61,0,0,3/8,3,1,1/8,,1/8,1,,-2,70,,722
721,61,61,0,0,3/8,2,1,3/32,,1/16,3/2,,2,74,,718
722,61,61,3/32,3/32,3/8,2,1,1/32,,1/32,1,,0,72,,719
723,61,61,1/8,1/8,3/8,3,1,1/8,,1/8,1,,2,62,,723
724,61,61,1/8,1/8,3/8,2,1,1/8,,1/8,1,,-2,70,,720
725,61,61,1/4,1/4,3/8,5,1,1/8,,1/8,1,,-2,46,,728
726,61,61,1/4,1/4,3/8,3,1,1/8,,1/8,1,,2,62,,724
727,61,61,1/4,1/4,3/8,4,1,1/8,,1/8,1,,-1,65,,726
728,61,61,1/4,1/4,3/8,2,1,1/8,,1/8,1,,-2,70,,721
729,62,62,0,0,3/8,5,1,1/8,,1/8,1,,-1,53,,740
730,62,62,0,0,3/8,3,1,1/8,,1/8,1,,2,62,,734
731,62,62,0,0,3/8,4,1,1/4,,1/4,1,,-1,65,,739
732,62,62,0,0,3/8,2,1,1/8,,1/8,1,,-2,70,,729
733,62,62,1/8,1/8,3/8,5,1,1/8,,1/8,1,,-1,41,,741
734,62,62,1/8,1/8,3/8,3,1,3/32,,1/16,3/2,,0,60,,735
735,62,62,1/8,1/8,3/8,2,1,3/32,,1/16,3/2,,3,69,,730
736,62,62,7/32,7/32,3/8,3,1,1/32,,1/32,1,,-2,58,,736
737,62,62,7/32,7/32,3/8,2,1,1/32,,1/32,1,,1,67,,731
738,62,62,1/4,1/4,3/8,3,1,3/32,,1/16,3/2,,0,60,,737
739,62,62,1/4,1/4,3/8,2,1,3/32,,1/16,3/2,,3,69,,732
740,62,62,11/32,11/32,3/8,3,1,1/32,,1/32,1,,2,62,,738
741,62,62,11/32,11/32,3/8,2,1,1/32,,1/32,1,,-2,70,,733
742,63,63,0,0,3/8,5,1,1/8,,1/8,1,,-1,53,,754
743,63,63,0,0,3/8,3,1,1/8,,1/8,1,,-3,63,,747
744,63,63,0,0,3/8,4,1,1/8,,1/8,1,,3,69,,752
745,63,63,0,0,3/8,2,1,1/8,,1/8,1,,0,72,,742
746,63,63,1/8,1/8,3/8,5,1,1/8,,1/8,1,,-2,58,,755
747,63,63,1/8,1/8,3/8,3,1,3/32,,1/16,3/2,,2,62,,748
748,63,63,1/8,1/8,3/8,4,1,1/8,,1/8,1,,-1,65,,753
749,63,63,1/8,1/8,3/8,2,1,3/32,,1/16,3/2,,-2,70,,743
750,63,63,7/32,7/32,3/8,3,1,1/32,,1/32,1,,0,60,,749
751,63,63,7/32,7/32,3/8,2,1,1/32,,1/32,1,,3,69,,744
752,63,63,1/4,1/4,3/8,3,1,3/32,,1/16,3/2,,2,62,,750
753,63,63,1/4,1/4,3/8,2,1,3/32,,1/16,3/2,,-2,70,,745
754,63,63,11/32,11/32,3/8,3,1,1/32,,1/32,1,,-3,63,,751
755,63,63,11/32,11/32,3/8,2,1,1/32,,1/32,1,,0,72,,746
756,64,64,0,0,3/8,5,1,1/8,,1/8,1,,-2,58,,768
757,64,64,0,0,3/8,3,1,1/8,,1/8,1,,-1,65,,761
758,64,64,0,0,3/8,4,1,1/8,,1/8,1,,-2,70,,766
759,64,64,0,0,3/8,2,1,1/8,,1/8,1,,2,74,,756
760,64,64,1/8,1/8,3/8,5,1,1/8,,1/8,1,,0,60,,769
761,64,64,1/8,1/8,3/8,3,1,3/32,,1/16,3/2,,-3,63,,762
762,64,64,1/8,1/8,3/8,4,1,1/8,,1/8,1,,3,69,,767
763,64,64,1/8,1/8,3/8,2,1,3/32,,1/16,3/2,,0,72,,757
764,64,64,7/32,7/32,3/8,3,1,1/32,,1/32,1,,2,62,,763
765,64,64,7/32,7/32,3/8,2,1,1/32,,1/32,1,,-2,70,,758
766,64,64,1/4,1/4,3/8,3,1,3/32,,1/16,3/2,,-3,63,,764
767,64,64,1/4,1/4,3/8,2,1,3/32,,1/16,3/2,,0,72,,759
768,64,64,11/32,11/32,3/8,3,1,1/32,,1/32,1,,-1,65,,765
769,64,64,11/32,11/32,3/8,2,1,1/32,,1/32,1,,2,74,,760
770,65,65,0,0,3/8,5,1,1/8,,1/8,1,,0,60,,780
771,65,65,0,0,3/8,4,1,1/8,,1/8,1,,-3,63,,777
772,65,65,0,0,3/8,3,1,3/32,,1/16,3/2,,1,67,,773
773,65,65,0,0,3/8,2,1,1/8,,1/8,1,,-3,75,,770
774,65,65,3/32,3/32,3/8,3,1,1/32,,1/32,1,,3,69,,774
775,65,65,1/8,1/8,3/8,5,1,1/8,,1/8,1,,-2,58,,781
776,65,65,1/8,1/8,3/8,4,1,1/8,,1/8,1,,-1,65,,778
777,65,65,1/8,1/8,3/8,3,1,1/8,,1/8,1,,-2,70,,775
778,65,65,1/8,1/8,3/8,2,1,1/8,,1/8,1,,2,74,,771
779,65,65,1/4,1/4,3/8,5,1,1/8,,1/8,1,,1,55,,782
780,65,65,1/4,1/4,3/8,4,1,1/8,,1/8,1,,1,67,,779
781,65,65,1/4,1/4,3/8,3,1,1/8,,1/8,1,,-2,70,,776
782,65,65,1/4,1/4,3/8,2,1,1/8,,1/8,1,,4,76,,772
783,66,66,0,0,3/8,5,1,1/4,,1/4,1,,-1,53,,794
784,66,66,0,0,3/8,4,1,1/4,,1/4,1,,0,60,,793
785,66,66,0,0,3/8,3,1,1/8,,1/8,1,,3,69,,788
786,66,66,0,0,3/8,2,1,1/8,,1/8,1,,-1,77,,783
787,66,66,1/8,1/8,3/8,3,1,3/32,,1/16,3/2,,3,69,,789
788,66,66,1/8,1/8,3/8,2,1,3/32,,1/16,3/2,,0,72,,784
789,66,66,7/32,7/32,3/8,3,1,1/32,,1/32,1,,1,67,,790
790,66,66,7/32,7/32,3/8,2,1,1/32,,1/32,1,,-2,70,,785
791,66,66,1/4,1/4,3/8,3,1,3/32,,1/16,3/2,,3,69,,791
792,66,66,1/4,1/4,3/8,2,1,3/32,,1/16,3/2,,0,72,,786
793,66,66,11/32,11/32,3/8,3,1,1/32,,1/32,1,,-2,70,,792
794,66,66,11/32,11/32,3/8,2,1,1/32,,1/32,1,,2,74,,787
795,67,67,0,0,3/8,5,1,1/8,,1/8,1,,-1,53,,804
796,67,67,0,0,3/8,4,1,1/8,,1/8,1,,-1,65,,801
797,67,67,0,0,3/8,3,1,1/8,,1/8,1,,0,72,,798
798,67,67,0,0,3/8,2,1,1/8,,1/8,1,,-3,75,,795
799,67,67,1/8,1/8,3/8,5,1,1/8,,1/8,1,,-2,46,,805
800,67,67,1/8,1/8,3/8,4,1,1/8,,1/8,1,,-1,65,,802
801,67,67,1/8,1/8,3/8,3,1,1/8,,1/8,1,,-2,70,,799
802,67,67,1/8,1/8,3/8,2,1,1/8,,1/8,1,,2,74,,796
803,67,67,1/4,1/4,3/8,5,1,1/8,,1/8,1,,0,48,,806
804,67,67,1/4,1/4,3/8,4,1,1/8,,1/8,1,,-3,63,,803
805,67,67,1/4,1/4,3/8,3,1,1/8,,1/8,1,,-3,75,,800
806,67,67,1/4,1/4,3/8,2,1,1/8,,1/8,1,,3,81,,797
807,68,68,0,0,3/8,5,1,1/4,,1/4,1,,-2,46,,818
808,68,68,0,0,3/8,4,1,1/4,,1/4,1,,-1,65,,817
809,68,68,0,0,3/8,3,1,1/8,,1/8,1,,2,74,,812
810,68,68,0,0,3/8,2,1,1/8,,1/8,1,,-2,82,,807
811,68,68,1/8,1/8,3/8,3,1,3/32,,1/16,3/2,,2,62,,813
812,68,68,1/8,1/8,3/8,2,1,3/32,,1/16,3/2,,-2,70,,808
813,68,68,7/32,7/32,3/8,3,1,1/32,,1/32,1,,0,60,,814
814,68,68,7/32,7/32,3/8,2,1,1/32,,1/32,1,,3,69,,809
815,68,68,1/4,1/4,3/8,3,1,3/32,,1/16,3/2,,2,62,,815
816,68,68,1/4,1/4,3/8,2,1,3/32,,1/16,3/2,,-2,70,,810
817,68,68,11/32,11/32,3/8,3,1,1/32,,1/32,1,,-3,63,,816
818,68,68,11/32,11/32,3/8,2,1,1/32,,1/32,1,,0,72,,811
819,69,69,0,0,3/8,5,1,1/8,,1/8,1,,-2,46,,830
820,69,69,0,0,3/8,3,1,1/16,,1/16,1,,-1,65,,823
821,69,69,0,0,3/8,2,1,1/32,,1/32,1,,2,74,,819
822,69,69,1/32,1/32,3/8,2,1,1/32,,1/32,1,,0,72,,820
823,69,69,1/16,1/16,3/8,4,1,1/16,,1/16,1,,-1,65,,827
824,69,69,1/16,1/16,3/8,2,1,1/16,,1/16,1,,-2,70,,821
825,69,69,1/16,1/16,3/8,3,1,1/16,,1/16,1,,-2,70,,824
826,69,69,1/8,1/8,3/8,5,1,1/8,,1/8,1,,-1,53,,831
827,69,69,1/8,1/8,3/8,4,1,1/8,,1/8,1,,-1,65,,828
828,69,69,1/8,1/8,3/8,3,1,1/8,,1/8,1,,-2,70,,825
829,69,69,1/8,1/8,3/8,2,1,1/4,,1/4,1,,0,72,,822
830,69,69,1/4,1/4,3/8,5,1,1/8,,1/8,1,,-1,41,,832
831,69,69,1/4,1/4,3/8,4,1,1/8,,1/8,1,,-1,65,,829
832,69,69,1/4,1/4,3/8,3,1,1/8,,1/8,1,,3,69,,826
833,70,70,0,0,3/8,5,1,1/8,,1/8,1,,-2,46,1,842
834,70,70,0,0,3/8,4,1,1/8,,1/8,1,,-1,65,1,841
835,70,70,0,0,3/8,2,1,1/8,,1/8,1,,-2,70,1,835
836,70,70,0,0,3/8,3,1,1/8,,1/8,1,,-2,70,1,838
837,70,70,1/8,1/8,3/8,5,1,1/8,,1/8,1,,1,55,1,843
838,70,70,1/8,1/8,3/8,3,1,1/8,,1/8,1,,-2,70,1,839
839,70,70,1/8,1/8,3/8,1,1,1/8,,1/8,1,,2,74,1,833
840,70,70,1/8,1/8,3/8,2,1,1/8,,1/8,1,,2,74,1,836
841,70,70,1/4,1/4,3/8,5,1,1/8,,1/8,1,,1,55,1,844
842,70,70,1/4,1/4,3/8,3,1,1/8,,1/8,1,,-2,70,1,840
843,70,70,1/4,1/4,3/8,1,1,1/8,,1/8,1,,-3,75,1,834
844,70,70,1/4,1/4,3/8,2,1,1/8,,1/8,1,,-3,75,1,837
845,71,70,0,0,3/8,5,1,1/4,,1/4,1,,-2,46,2,848
846,71,70,0,0,3/8,4,1,1/4,,1/4,1,,-1,65,2,847
847,71,70,0,0,3/8,2,1,1/4,,1/4,1,,-2,70,2,845
848,71,70,0,0,3/8,3,1,1/4,,1/4,1,,-2,70,2,846
849,72,71,0,0,3/8,5,1,1/8,,1/8,1,,6,54,,858
850,72,71,0,0,3/8,3,1,1/8,,1/8,1,,3,69,,855
851,72,71,0,0,3/8,1,1,1/8,,1/8,1,,-3,75,,849
852,72,71,0,0,3/8,2,1,1/8,,1/8,1,,-3,75,,852
853,72,71,1/8,1/8,3/8,5,1,1/8,,1/8,1,,6,54,,859
854,72,71,1/8,1/8,3/8,3,1,1/8,,1/8,1,,3,69,,856
855,72,71,1/8,1/8,3/8,1,1,1/8,,1/8,1,,7,73,,850
856,72,71,1/8,1/8,3/8,2,1,1/8,,1/8,1,,7,73,,853
857,72,71,1/4,1/4,3/8,5,1,1/8,,1/8,1,,6,54,,860
858,72,71,1/4,1/4,3/8,3,1,1/8,,1/8,1,,3,69,,857
859,72,71,1/4,1/4,3/8,1,1,1/8,,1/8,1,1,2,74,,851
860,72,71,1/4,1/4,3/8,2,1,1/8,,1/8,1,,2,74,,854
861,73,72,0,0,3/8,5,1,1/8,,1/8,1,,1,55,,872
862,73,72,0,0,3/8,3,1,1/8,,1/8,1,,1,67,,869
863,73,72,0,0,3/8,2,1,1/8,,1/8,1,,-2,70,,866
864,73,72,0,0,3/8,1,1,1/8,,1/8,1,-1,2,74,,861
865,73,72,1/8,1/8,3/8,5,1,1/8,,1/8,1,,1,55,,873
866,73,72,1/8,1/8,3/8,3,1,1/8,,1/8,1,,1,67,,870
867,73,72,1/8,1/8,3/8,2,1,1/8,,1/8,1,,-2,70,,867
868,73,72,1/8,1/8,3/8,1,1,1/16,,1/16,1,,0,72,,862
869,73,72,3/16,3/16,3/8,1,1,1/16,,1/16,1,,-2,70,,863
870,73,72,1/4,1/4,3/8,5,1,1/8,,1/8,1,,7,49,,874
871,73,72,1/4,1/4,3/8,3,1,1/8,,1/8,1,,1,67,,871
872,73,72,1/4,1/4,3/8,1,1,1/16,,1/16,1,,3,69,,864
873,73,72,1/4,1/4,3/8,2,1,1/8,,1/8,1,,-2,70,,868
874,73,72,5/16,5/16,3/8,1,1,1/16,,1/16,1,,1,67,,865
875,74,73,0,0,3/8,5,1,1/4,,1/4,1,,2,50,,887
876,74,73,0,0,3/8,1,1,1/8,,1/8,1,,1,67,,875
877,74,73,0,0,3/8,3,1,1/8,,1/8,1,,1,67,,882
878,74,73,0,0,3/8,2,1,1/8,,1/8,1,,-2,70,,877
879,74,73,1/8,1/8,3/8,3,1,3/32,,1/16,3/2,,6,66,,883
880,74,73,1/8,1/8,3/8,1,1,1/8,,1/8,1,,6,66,,876
881,74,73,1/8,1/8,3/8,2,1,3/32,,1/16,3/2,,3,69,,878
882,74,73,7/32,7/32,3/8,3,1,1/32,,1/32,1,,4,64,,884
883,74,73,7/32,7/32,3/8,2,1,1/32,,1/32,1,,1,67,,879
884,74,73,1/4,1/4,3/8,3,1,3/32,,1/16,3/2,,6,66,,885
885,74,73,1/4,1/4,3/8,2,1,3/32,,1/16,3/2,,3,69,,880
886,74,73,11/32,11/32,3/8,3,1,1/32,,1/32,1,,1,67,,886
887,74,73,11/32,11/32,3/8,2,1,1/32,,1/32,1,,-2,70,,881
888,75,74,0,0,3/8,5,1,1/4,,1/4,1,,2,50,,900
889,75,74,0,0,3/8,3,1,1/8,,1/8,1,,3,69,,895
890,75,74,0,0,3/8,2,1,1/8,,1/8,1,,0,72,,890
891,75,74,1/8,1/8,3/8,3,1,3/32,,1/16,3/2,,3,69,,896
892,75,74,1/8,1/8,3/8,1,1,1/8,,1/8,1,,3,69,,888
893,75,74,1/8,1/8,3/8,2,1,3/32,,1/16,3/2,,0,72,,891
894,75,74,7/32,7/32,3/8,3,1,1/32,,1/32,1,,1,67,,897
895,75,74,7/32,7/32,3/8,2,1,1/32,,1/32,1,,5,71,,892
896,75,74,1/4,1/4,3/8,1,1,1/8,,1/8,1,,2,62,,889
897,75,74,1/4,1/4,3/8,3,1,3/32,,1/16,3/2,,3,69,,898
898,75,74,1/4,1/4,3/8,2,1,3/32,,1/16,3/2,,0,72,,893
899,75,74,11/32,11/32,3/8,3,1,1/32,,1/32,1,,-2,70,,899
900,75,74,11/32,11/32,3/8,2,1,1/32,,1/32,1,,2,74,,894
901,76,75,0,0,3/8,5,1,1/4,,1/4,1,,2,50,,913
902,76,75,0,0,3/8,1,1,3/32,,1/16,3/2,,0,72,,901
903,76,75,0,0,3/8,3,1,1/8,,1/8,1,,0,72,,910
904,76,75,0,0,3/8,2,1,1/8,,1/8,1,,-3,75,,905
905,76,75,3/32,3/32,3/8,1,1,1/32,,1/32,1,,5,71,,902
906,76,75,1/8,1/8,3/8,3,1,1/8,,1/8,1,,6,66,,911
907,76,75,1/8,1/8,3/8,2,1,3/32,,1/16,3/2,,3,69,,906
908,76,75,1/8,1/8,3/8,1,1,1/8,,1/8,1,,0,72,,903
909,76,75,7/32,7/32,3/8,2,1,1/32,,1/32,1,,1,67,,907
910,76,75,1/4,1/4,3/8,3,1,1/8,,1/8,1,,6,66,,912
911,76,75,1/4,1/4,3/8,2,1,3/32,,1/16,3/2,,3,69,,908
912,76,75,1/4,1/4,3/8,1,1,1/8,,1/8,1,1,-3,75,,904
913,76,75,11/32,11/32,3/8,2,1,1/32,,1/32,1,,-2,70,,909
914,77,76,0,0,3/8,5,1,1/8,,1/8,1,,2,50,,923
915,77,76,0,0,3/8,3,1,1/8,,1/8,1,,6,66,,920
916,77,76,0,0,3/8,2,1,1/8,,1/8,1,,0,72,,917
917,77,76,0,0,3/8,1,1,1/8,,1/8,1,-1,-3,75,,914
918,77,76,1/8,1/8,3/8,5,1,1/8,,1/8,1,,2,50,,924
919,77,76,1/8,1/8,3/8,3,1,1/8,,1/8,1,,1,67,,921
920,77,76,1/8,1/8,3/8,2,1,1/8,,1/8,1,,-2,70,,918
921,77,76,1/8,1/8,3/8,1,1,1/8,,1/8,1,,2,74,,915
922,77,76,1/4,1/4,3/8,5,1,1/8,,1/8,1,,2,50,,925
923,77,76,1/4,1/4,3/8,3,1,1/8,,1/8,1,,6,66,,922
924,77,76,1/4,1/4,3/8,2,1,1/8,,1/8,1,,3,69,,919
925,77,76,1/4,1/4,3/8,1,1,1/8,,1/8,1,,0,72,,916
926,78,77,0,0,3/8,5,1,1/16,,1/16,1,,1,43,,932
927,78,77,0,0,3/8,3,1,1/4,,1/4,1,,1,67,,930
928,78,77,0,0,3/8,1,1,1/4,,1/4,1,,-2,70,,926
929,78,77,0,0,3/8,2,1,1/4,,1/4,1,,-2,70,,928
930,78,77,1/16,1/16,3/8,5,1,1/16,,1/16,1,,3,45,,933
931,78,77,1/8,1/8,3/8,5,1,1/16,,1/16,1,,-2,46,,934
932,78,77,3/16,3/16,3/8,5,1,1/16,,1/16,1,,0,48,,935
933,78,77,1/4,1/4,3/8,5,1,1/8,,1/8,1,,2,50,,936
934,78,77,1/4,1/4,3/8,3,1,1/8,,1/8,1,,6,66,,931
935,78,77,1/4,1/4,3/8,1,1,1/8,,1/8,1,,3,69,,927
936,78,77,1/4,1/4,3/8,2,1,1/8,,1/8,1,,3,69,,929
937,79,78,0,0,3/8,3,1,3/32,,1/16,3/2,,1,67,,944
938,79,78,0,0,3/8,2,1,3/32,,1/16,3/2,,-2,70,,939
939,79,78,3/32,3/32,3/8,3,1,1/32,,1/32,1,,6,66,,945
940,79,78,3/32,3/32,3/8,2,1,1/32,,1/32,1,,3,69,,940
941,79,78,1/8,1/8,3/8,5,1,1/8,,1/8,1,,1,55,,949
942,79,78,1/8,1/8,3/8,3,1,3/32,,1/16,3/2,,1,67,,946
943,79,78,1/8,1/8,3/8,2,1,3/32,,1/16,3/2,,-2,70,,941
944,79,78,1/8,1/8,3/8,1,1,1/8,,1/8,1,,2,74,,937
945,79,78,7/32,7/32,3/8,3,1,1/32,,1/32,1,,3,69,,947
946,79,78,7/32,7/32,3/8,2,1,1/32,,1/32,1,,0,72,,942
947,79,78,1/4,1/4,3/8,5,1,1/8,,1/8,1,,1,55,,950
948,79,78,1/4,1/4,3/8,3,1,1/8,,1/8,1,,-2,70,,948
949,79,78,1/4,1/4,3/8,1,1,1/8,,1/8,1,,2,74,,938
950,79,78,1/4,1/4,3/8,2,1,1/8,,1/8,1,,2,74,,943
951,80,79,0,0,3/8,5,1,1/8,,1/8,1,,-3,51,,959
952,80,79,0,0,3/8,3,1,1/8,,1/8,1,,1,67,,956
953,80,79,0,0,3/8,1,1,1/8,,1/8,1,,7,73,,951
954,80,79,0,0,3/8,2,1,1/8,,1/8,1,,7,73,,953
955,80,79,1/8,1/8,3/8,5,1,1/8,,1/8,1,,-3,51,,960
956,80,79,1/8,1/8,3/8,3,1,1/8,,1/8,1,,1,67,,957
957,80,79,1/8,1/8,3/8,2,1,1/8,,1/8,1,,7,73,,954
958,80,79,1/8,1/8,3/8,1,1,1/4,,1/4,1,,7,73,,952
959,80,79,1/4,1/4,3/8,5,1,1/8,,1/8,1,,-3,51,,961
960,80,79,1/4,1/4,3/8,3,1,1/8,,1/8,1,,1,67,,958
961,80,79,1/4,1/4,3/8,2,1,1/8,,1/8,1,,7,73,,955
962,81,80,0,0,3/8,5,1,1/8,,1/8,1,,-3,51,,970
963,81,80,0,0,3/8,3,1,1/8,,1/8,1,,1,67,,967
964,81,80,0,0,3/8,1,1,1/8,,1/8,1,,7,73,,962
965,81,80,0,0,3/8,2,1,1/8,,1/8,1,,7,73,,964
966,81,80,1/8,1/8,3/8,5,1,1/8,,1/8,1,,-3,51,,971
967,81,80,1/8,1/8,3/8,3,1,1/8,,1/8,1,,1,67,,968
968,81,80,1/8,1/8,3/8,2,1,1/8,,1/8,1,,7,73,,965
969,81,80,1/8,1/8,3/8,1,1,1/4,,1/4,1,,7,73,,963
970,81,80,1/4,1/4,3/8,5,1,1/8,,1/8,1,,-3,51,,972
971,81,80,1/4,1/4,3/8,3,1,1/8,,1/8,1,,1,67,,969
972,81,80,1/4,1/4,3/8,2,1,1/8,,1/8,1,,7,73,,966
973,82,81,0,0,3/8,5,1,1/8,,1/8,1,,-3,51,,981
974,82,81,0,0,3/8,3,1,1/8,,1/8,1,,1,67,,978
975,82,81,0,0,3/8,1,1,1/8,,1/8,1,,7,73,,973
976,82,81,0,0,3/8,2,1,1/8,,1/8,1,,7,73,,975
977,82,81,1/8,1/8,3/8,5,1,1/8,,1/8,1,,-3,51,,982
978,82,81,1/8,1/8,3/8,3,1,1/8,,1/8,1,,1,67,,979
979,82,81,1/8,1/8,3/8,2,1,1/8,,1/8,1,,7,73,,976
980,82,81,1/8,1/8,3/8,1,1,1/4,,1/4,1,,7,73,,974
981,82,81,1/4,1/4,3/8,5,1,1/8,,1/8,1,,-3,51,,983
982,82,81,1/4,1/4,3/8,3,1,1/8,,1/8,1,,1,67,,980
983,82,81,1/4,1/4,3/8,2,1,1/8,,1/8,1,,7,73,,977
984,83,82,0,0,3/8,5,1,1/8,,1/8,1,,-3,51,,994
985,83,82,0,0,3/8,3,1,1/8,,1/8,1,,1,67,,991
986,83,82,0,0,3/8,1,1,1/8,,1/8,1,,7,73,,984
987,83,82,0,0,3/8,2,1,1/8,,1/8,1,,7,73,,988
988,83,82,1/8,1/8,3/8,5,1,1/8,,1/8,1,,-3,51,,995
989,83,82,1/8,1/8,3/8,3,1,1/8,,1/8,1,,1,67,,992
990,83,82,1/8,1/8,3/8,2,1,1/8,,1/8,1,,7,73,,989
991,83,82,1/8,1/8,3/8,1,1,3/16,,1/8,3/2,,7,73,,985
992,83,82,1/4,1/4,3/8,5,1,1/8,,1/8,1,,-3,51,,996
993,83,82,1/4,1/4,3/8,3,1,1/8,,1/8,1,,1,67,,993
994,83,82,1/4,1/4,3/8,2,1,1/8,,1/8,1,,7,73,,990
995,83,82,5/16,5/16,3/8,1,1,1/32,,1/32,1,,5,71,,986
996,83,82,11/32,11/32,3/8,1,1,1/32,,1/32,1,,7,73,,987
997,84,83,0,0,3/8,5,1,1/8,,1/8,1,,2,50,,1010
998,84,83,0,0,3/8,3,1,1/8,,1/8,1,,1,67,,1005
999,84,83,0,0,3/8,1,1,3/32,,1/16,3/2,,2,74,,997
1000,84,83,0,0,3/8,2,1,1/8,,1/8,1,,2,74,,1000
1001,84,83,3/32,3/32,3/8,1,1,1/32,,1/32,1,,7,73,,998
1002,84,83,1/8,1/8,3/8,5,1,1/8,,1/8,1,,2,38,,1011
1003,84,83,1/8,1/8,3/8,3,1,3/32,,1/16,3/2,,6,66,,1006
1004,84,83,1/8,1/8,3/8,2,1,3/32,,1/16,3/2,,2,74,,1001
1005,84,83,1/8,1/8,3/8,1,1,1/8,,1/8,1,,2,74,,999
1006,84,83,7/32,7/32,3/8,3,1,1/32,,1/32,1,,4,64,,1007
1007,84,83,7/32,7/32,3/8,2,1,1/32,,1/32,1,,7,73,,1002
1008,84,83,1/4,1/4,3/8,3,1,3/32,,1/16,3/2,,6,66,,1008
1009,84,83,1/4,1/4,3/8,2,1,3/32,,1/16,3/2,,2,74,,1003
1010,84,83,11/32,11/32,3/8,3,1,1/32,,1/32,1,,1,67,,1009
1011,84,83,11/32,11/32,3/8,2,1,1/32,,1/32,1,,4,76,,1004
1012,85,84,0,0,3/8,3,1,1/8,,1/8,1,,3,69,,1017
1013,85,84,0,0,3/8,2,1,1/8,,1/8,1,,6,78,,1014
1014,85,84,1/8,1/8,3/8,5,1,1/8,,1/8,1,,5,59,,1020
1015,85,84,1/8,1/8,3/8,1,1,1/8,,1/8,1,,2,74,,1012
1016,85,84,1/8,1/8,3/8,3,1,1/8,,1/8,1,,2,74,,1018
1017,85,84,1/8,1/8,3/8,2,1,1/8,,1/8,1,,1,79,,1015
1018,85,84,1/4,1/4,3/8,5,1,1/8,,1/8,1,,5,59,,1021
1019,85,84,1/4,1/4,3/8,3,1,1/8,,1/8,1,,2,74,,1019
1020,85,84,1/4,1/4,3/8,1,1,1/8,,1/8,1,,1,79,,1013
1021,85,84,1/4,1/4,3/8,2,1,1/8,,1/8,1,,1,79,,1016
1022,86,85,0,0,3/8,5,1,1/8,,1/8,1,,0,60,,1036
1023,86,85,0,0,3/8,1,1,1/16,,1/16,1,,-3,75,,1022
1024,86,85,0,0,3/8,3,1,1/8,,1/8,1,,-3,75,,1031
1025,86,85,0,0,3/8,2,1,1/8,,1/8,1,,1,79,,1026
1026,86,85,1/16,1/16,3/8,1,1,1/16,,1/16,1,,5,71,,1023
1027,86,85,1/8,1/8,3/8,5,1,1/8,,1/8,1,,0,48,,1037
1028,86,85,1/8,1/8,3/8,3,1,3/32,,1/16,3/2,,0,72,,1032
1029,86,85,1/8,1/8,3/8,1,1,1/8,,1/8,1,,0,72,,1024
1030,86,85,1/8,1/8,3/8,2,1,3/32,,1/16,3/2,,-3,75,,1027
1031,86,85,7/32,7/32,3/8,3,1,1/32,,1/32,1,,5,71,,1033
1032,86,85,7/32,7/32,3/8,2,1,1/32,,1/32,1,,2,74,,1028
1033,86,85,1/4,1/4,3/8,3,1,3/32,,1/16,3/2,,0,72,,1034
1034,86,85,1/4,1/4,3/8,1,1,1/8,,1/8,1,1,0,72,,1025
1035,86,85,1/4,1/4,3/8,2,1,3/32,,1/16,3/2,,-3,75,,1029
1036,86,85,11/32,11/32,3/8,3,1,1/32,,1/32,1,,2,74,,1035
1037,86,85,11/32,11/32,3/8,2,1,1/32,,1/32,1,,-1,77,,1030
1038,87,86,0,0,3/8,1,1,1/8,,1/8,1,-1,0,72,,1038
1039,87,86,0,0,3/8,3,1,1/8,,1/8,1,,-3,75,,1044
1040,87,86,0,0,3/8,2,1,1/8,,1/8,1,,1,79,,1041
1041,87,86,1/8,1/8,3/8,5,1,1/8,,1/8,1,,3,57,,1047
1042,87,86,1/8,1/8,3/8,1,1,1/8,,1/8,1,,0,72,,1039
1043,87,86,1/8,1/8,3/8,3,1,1/8,,1/8,1,,0,72,,1045
1044,87,86,1/8,1/8,3/8,2,1,1/8,,1/8,1,,-1,77,,1042
1045,87,86,1/4,1/4,3/8,5,1,1/8,,1/8,1,,3,57,,1048
1046,87,86,1/4,1/4,3/8,3,1,1/8,,1/8,1,,0,72,,1046
1047,87,86,1/4,1/4,3/8,1,1,1/8,,1/8,1,,-1,77,,1040
1048,87,86,1/4,1/4,3/8,2,1,1/8,,1/8,1,,-1,77,,1043
1049,88,87,0,0,3/8,5,1,1/8,,1/8,1,,-2,58,,1063
1050,88,87,0,0,3/8,1,1,1/16,,1/16,1,,2,74,,1049
1051,88,87,0,0,3/8,3,1,1/8,,1/8,1,,2,74,,1058
1052,88,87,0,0,3/8,2,1,1/8,,1/8,1,,-1,77,,1053
1053,88,87,1/16,1/16,3/8,1,1,1/16,,1/16,1,,3,69,,1050
1054,88,87,1/8,1/8,3/8,5,1,1/8,,1/8,1,,-2,46,,1064
1055,88,87,1/8,1/8,3/8,3,1,3/32,,1/16,3/2,,-2,70,,1059
1056,88,87,1/8,1/8,3/8,1,1,1/8,,1/8,1,,-2,70,,1051
1057,88,87,1/8,1/8,3/8,2,1,3/32,,1/16,3/2,,2,74,,1054
1058,88,87,7/32,7/32,3/8,3,1,1/32,,1/32,1,,3,69,,1060
1059,88,87,7/32,7/32,3/8,2,1,1/32,,1/32,1,,0,72,,1055
1060,88,87,1/4,1/4,3/8,3,1,3/32,,1/16,3/2,,-2,70,,1061
1061,88,87,1/4,1/4,3/8,1,1,1/8,,1/8,1,1,-2,70,,1052
1062,88,87,1/4,1/4,3/8,2,1,3/32,,1/16,3/2,,2,74,,1056
1063,88,87,11/32,11/32,3/8,3,1,1/32,,1/32,1,,0,72,,1062
1064,88,87,11/32,11/32,3/8,2,1,1/32,,1/32,1,,-3,75,,1057
1065,89,88,0,0,3/8,1,1,1/8,,1/8,1,-1,-2,70,,1065
1066,89,88,0,0,3/8,3,1,1/8,,1/8,1,,2,74,,1071
1067,89,88,0,0,3/8,2,1,1/8,,1/8,1,,-1,77,,1068
1068,89,88,1/8,1/8,3/8,5,1,1/8,,1/8,1,,1,55,,1074
1069,89,88,1/8,1/8,3/8,1,1,1/8,,1/8,1,,-2,70,,1066
1070,89,88,1/8,1/8,3/8,3,1,1/8,,1/8,1,,-2,70,,1072
1071,89,88,1/8,1/8,3/8,2,1,1/8,,1/8,1,,2,74,,1069
1072,89,88,1/4,1/4,3/8,5,1,1/8,,1/8,1,,1,55,,1075
1073,89,88,1/4,1/4,3/8,3,1,1/8,,1/8,1,,-2,70,,1073
1074,89,88,1/4,1/4,3/8,2,1,1/8,,1/8,1,,2,74,,1070
1075,89,88,1/4,1/4,3/8,1,1,1/8,,1/8,1,,-3,75,,1067
1076,90,89,0,0,3/8,5,1,1/8,,1/8,1,,3,57,,1090
1077,90,89,0,0,3/8,1,1,1/16,,1/16,1,,0,72,,1076
1078,90,89,0,0,3/8,3,1,1/8,,1/8,1,,0,72,,1085
1079,90,89,0,0,3/8,2,1,1/8,,1/8,1,,-3,75,,1080
1080,90,89,1/16,1/16,3/8,1,1,1/16,,1/16,1,,1,67,,1077
1081,90,89,1/8,1/8,3/8,1,1,0,appoggiatura,1/8,1,,1,67,,1078
1082,90,89,1/8,1/8,3/8,5,1,1/8,,1/8,1,,3,45,,1091
1083,90,89,1/8,1/8,3/8,3,1,3/32,,1/16,3/2,,3,69,,1086
1084,90,89,1/8,1/8,3/8,1,1,1/4,,1/4,1,,3,69,,1079
1085,90,89,1/8,1/8,3/8,2,1,3/32,,1/16,3/2,,0,72,,1081
1086,90,89,7/32,7/32,3/8,3,1,1/32,,1/32,1,,1,67,,1087
1087,90,89,7/32,7/32,3/8,2,1,1/32,,1/32,1,,-2,70,,1082
1088,90,89,1/4,1/4,3/8,3,1,3/32,,1/16,3/2,,3,69,,1088
1089,90,89,1/4,1/4,3/8,2,1,3/32,,1/16,3/2,,0,72,,1083
1090,90,89,11/32,11/32,3/8,3,1,1/32,,1/32,1,,-2,70,,1089
1091,90,89,11/32,11/32,3/8,2,1,1/32,,1/32,1,,2,74,,1084
1092,91,90,0,0,3/8,3,1,1/8,,1/8,1,,0,72,,1097
1093,91,90,0,0,3/8,2,1,1/8,,1/8,1,,-3,75,,1094
1094,91,90,1/8,1/8,3/8,5,1,1/8,,1/8,1,,6,54,,1100
1095,91,90,1/8,1/8,3/8,3,1,1/8,,1/8,1,,3,69,,1098
1096,91,90,1/8,1/8,3/8,1,1,1/8,,1/8,1,,2,74,,1092
1097,91,90,1/8,1/8,3/8,2,1,1/8,,1/8,1,,2,74,,1095
1098,91,90,1/4,1/4,3/8,5,1,1/8,,1/8,1,,2,50,,1101
1099,91,90,1/4,1/4,3/8,3,1,1/8,,1/8,1,,3,69,,1099
1100,91,90,1/4,1/4,3/8,1,1,1/8,,1/8,1,,6,78,,1093
1101,91,90,1/4,1/4,3/8,2,1,1/8,,1/8,1,,6,78,,1096
1102,92,91,0,0,3/8,5,1,1/4,,1/4,1,,-3,51,,1110
1103,92,91,0,0,3/8,3,1,1/4,,1/4,1,,1,67,,1108
1104,92,91,0,0,3/8,1,1,1/8,,1/8,1,,1,79,,1102
1105,92,91,0,0,3/8,2,1,1/8,,1/8,1,,1,79,,1105
1106,92,91,1/8,1/8,3/8,1,1,1/8,,1/8,1,,7,73,,1103
1107,92,91,1/8,1/8,3/8,2,1,1/8,,1/8,1,,7,73,,1106
1108,92,91,1/4,1/4,3/8,5,1,1/8,,1/8,1,,2,50,,1111
1109,92,91,1/4,1/4,3/8,3,1,1/8,,1/8,1,,6,66,,1109
1110,92,91,1/4,1/4,3/8,1,1,1/8,,1/8,1,,2,74,,1104
1111,92,91,1/4,1/4,3/8,2,1,1/8,,1/8,1,,2,74,,1107
1112,93,92,0,0,3/8,5,1,1/8,,1/8,1,,1,55,,1119
1113,93,92,0,0,3/8,3,1,1/8,,1/8,1,,1,67,,1116
1114,93,92,0,0,3/8,1,1,1/8,,1/8,1,,-2,70,,1112
1115,93,92,0,0,3/8,2,1,1/8,,1/8,1,,-2,70,,1114
1116,93,92,1/8,1/8,3/8,5,1,1/4,,1/4,1,,2,50,,1120
1117,93,92,1/8,1/8,3/8,3,1,1/8,,1/8,1,,1,67,,1117
1118,93,92,1/8,1/8,3/8,1,1,1/4,,1/4,1,,3,69,,1113
1119,93,92,1/8,1/8,3/8,2,1,1/4,,1/4,1,,3,69,,1115
1120,93,92,1/4,1/4,3/8,3,1,1/8,,1/8,1,,6,66,,1118
1121,94,93,0,0,3/8,5,1,1/8,,1/8,1,,1,43,,1124
1122,94,93,0,0,3/8,1,1,1/4,,1/4,1,,1,67,,1121
1123,94,93,0,0,3/8,2,1,1/4,,1/4,1,,1,67,,1122
1124,94,93,0,0,3/8,3,1,1/4,,1/4,1,,1,67,,1123
1125,94,93,1/8,1/8,3/8,5,1,3/32,,1/16,3/2,,1,55,,1125
1126,94,93,7/32,7/32,3/8,5,1,1/32,,1/32,1,,-1,53,,1126
1127,94,93,1/4,1/4,3/8,5,1,3/32,,1/16,3/2,,1,55,,1127
1128,94,93,11/32,11/32,3/8,5,1,1/32,,1/32,1,,3,57,,1128
1129,95,94,0,0,3/8,5,1,1/8,,1/8,1,,-2,58,,1135
1130,95,94,1/8,1/8,3/8,5,1,1/8,,1/8,1,,2,62,,1136
1131,95,94,1/8,1/8,3/8,4,1,1/8,,1/8,1,,-1,65,,1133
1132,95,94,1/8,1/8,3/8,3,1,1/8,,1/8,1,,-2,70,,1131
1133,95,94,1/8,1/8,3/8,2,1,1/8,,1/8,1,,2,74,,1129
1134,95,94,1/4,1/4,3/8,5,1,1/8,,1/8,1,,-2,58,,1137
1135,95,94,1/4,1/4,3/8,4,1,1/8,,1/8,1,,-1,65,,1134
1136,95,94,1/4,1/4,3/8,3,1,1/8,,1/8,1,,-2,70,,1132
1137,95,94,1/4,1/4,3/8,2,1,1/8,,1/8,1,,2,74,,1130
1138,96,95,0,0,3/8,5,1,1/8,,1/8,1,,-1,53,,1149
1139,96,95,0,0,3/8,4,1,1/4,,1/4,1,,-1,65,,1148
1140,96,95,0,0,3/8,3,1,1/8,,1/8,1,,-2,70,,1143
1141,96,95,0,0,3/8,2,1,1/8,,1/8,1,,2,74,,1138
1142,96,95,1/8,1/8,3/8,5,1,1/8,,1/8,1,,-1,41,,1150
1143,96,95,1/8,1/8,3/8,3,1,3/32,,1/16,3/2,,3,69,,1144
1144,96,95,1/8,1/8,3/8,2,1,3/32,,1/16,3/2,,0,72,,1139
1145,96,95,7/32,7/32,3/8,3,1,1/32,,1/32,1,,1,67,,1145
1146,96,95,7/32,7/32,3/8,2,1,1/32,,1/32,1,,-2,70,,1140
1147,96,95,1/4,1/4,3/8,3,1,3/32,,1/16,3/2,,3,69,,1146
1148,96,95,1/4,1/4,3/8,2,1,3/32,,1/16,3/2,,0,72,,1141
1149,96,95,11/32,11/32,3/8,3,1,1/32,,1/32,1,,-2,70,,1147
1150,96,95,11/32,11/32,3/8,2,1,1/32,,1/32,1,,2,74,,1142
1151,97,96,0,0,3/8,5,1,1/8,,1/8,1,,-1,53,,1163
1152,97,96,0,0,3/8,4,1,1/8,,1/8,1,,3,69,,1161
1153,97,96,0,0,3/8,3,1,1/8,,1/8,1,,0,72,,1156
1154,97,96,0,0,3/8,2,1,1/8,,1/8,1,,-3,75,,1151
1155,97,96,1/8,1/8,3/8,5,1,1/8,,1/8,1,,-2,58,,1164
1156,97,96,1/8,1/8,3/8,4,1,1/8,,1/8,1,,-1,65,,1162
1157,97,96,1/8,1/8,3/8,3,1,3/32,,1/16,3/2,,-2,70,,1157
1158,97,96,1/8,1/8,3/8,2,1,3/32,,1/16,3/2,,2,74,,1152
1159,97,96,7/32,7/32,3/8,3,1,1/32,,1/32,1,,3,69,,1158
1160,97,96,7/32,7/32,3/8,2,1,1/32,,1/32,1,,0,72,,1153
1161,97,96,1/4,1/4,3/8,3,1,3/32,,1/16,3/2,,-2,70,,1159
1162,97,96,1/4,1/4,3/8,2,1,3/32,,1/16,3/2,,2,74,,1154
1163,97,96,11/32,11/32,3/8,3,1,1/32,,1/32,1,,0,72,,1160
1164,97,96,11/32,11/32,3/8,2,1,1/32,,1/32,1,,-3,75,,1155
1165,98,97,0,0,3/8,5,1,1/8,,1/8,1,,-2,46,,1177
1166,98,97,0,0,3/8,4,1,1/8,,1/8,1,,-1,65,,1175
1167,98,97,0,0,3/8,3,1,1/8,,1/8,1,,2,74,,1170
1168,98,97,0,0,3/8,2,1,1/8,,1/8,1,,-1,77,,1165
1169,98,97,1/8,1/8,3/8,5,1,1/8,,1/8,1,,-3,51,,1178
1170,98,97,1/8,1/8,3/8,4,1,1/8,,1/8,1,,1,67,,1176
1171,98,97,1/8,1/8,3/8,3,1,3/32,,1/16,3/2,,0,72,,1171
1172,98,97,1/8,1/8,3/8,2,1,3/32,,1/16,3/2,,-3,75,,1166
1173,98,97,7/32,7/32,3/8,3,1,1/32,,1/32,1,,-2,70,,1172
1174,98,97,7/32,7/32,3/8,2,1,1/32,,1/32,1,,2,74,,1167
1175,98,97,1/4,1/4,3/8,3,1,3/32,,1/16,3/2,,0,72,,1173
1176,98,97,1/4,1/4,3/8,2,1,3/32,,1/16,3/2,,-3,75,,1168
1177,98,97,11/32,11/32,3/8,3,1,1/32,,1/32,1,,2,74,,1174
1178,98,97,11/32,11/32,3/8,2,1,1/32,,1/32,1,,-1,77,,1169
1179,99,98,0,0,3/8,5,1,1/8,,1/8,1,,0,48,,1188
1180,99,98,0,0,3/8,4,1,1/8,,1/8,1,,-3,63,,1185
1181,99,98,0,0,3/8,3,1,1/8,,1/8,1,,-3,75,,1182
1182,99,98,0,0,3/8,2,1,1/8,,1/8,1,,1,79,,1179
1183,99,98,1/8,1/8,3/8,5,1,1/8,,1/8,1,,-1,53,,1189
1184,99,98,1/8,1/8,3/8,4,1,1/8,,1/8,1,,-1,65,,1186
1185,99,98,1/8,1/8,3/8,3,1,1/8,,1/8,1,,0,72,,1183
1186,99,98,1/8,1/8,3/8,2,1,1/8,,1/8,1,,3,81,,1180
1187,99,98,1/4,1/4,3/8,5,1,1/8,,1/8,1,,-2,46,,1190
1188,99,98,1/4,1/4,3/8,4,1,1/8,,1/8,1,,-1,65,,1187
1189,99,98,1/4,1/4,3/8,3,1,1/8,,1/8,1,,2,74,,1184
1190,99,98,1/4,1/4,3/8,2,1,1/8,,1/8,1,,-2,82,,1181
1191,100,99,0,0,3/8,5,1,1/8,,1/8,1,,1,55,,1201
1192,100,99,0,0,3/8,4,1,1/8,,1/8,1,,1,67,,1198
1193,100,99,0,0,3/8,3,1,1/8,,1/8,1,,-2,70,,1195
1194,100,99,0,0,3/8,2,1,1/16,,1/16,1,,2,74,,1191
1195,100,99,1/16,1/16,3/8,2,1,1/32,,1/32,1,,0,72,,1192
1196,100,99,3/32,3/32,3/8,2,1,1/32,,1/32,1,,-2,70,,1193
1197,100,99,1/8,1/8,3/8,5,1,1/8,,1/8,1,,-3,51,,1202
1198,100,99,1/8,1/8,3/8,4,1,1/8,,1/8,1,,1,67,,1199
1199,100,99,1/8,1/8,3/8,3,1,1/8,,1/8,1,,-2,70,,1196
1200,100,99,1/8,1/8,3/8,2,1,1/4,,1/4,1,,0,72,,1194
1201,100,99,1/4,1/4,3/8,5,1,1/8,,1/8,1,,-1,53,,1203
1202,100,99,1/4,1/4,3/8,4,1,1/8,,1/8,1,,-1,65,,1200
1203,100,99,1/4,1/4,3/8,3,1,1/8,,1/8,1,,3,69,,1197
